Bond,Sector,Country,Used_Duration,Used_Rating_Score,Used_ZTW
Bond-0,Cbafhzre,BH,4.65,15.0,688.6
Bond-1,Dvirefvsvrq,BH,4.57,7.0,188.8
Bond-2,Dvirefvsvrq,BH,3.35,9.0,243.9
Bond-3,Dvirefvsvrq,BH,5.45,9.0,319.0
Bond-4,Fvanapvny,BH,2.38,6.0,125.4
Bond-5,Fvanapvny,BH,2.3,7.0,158.0
Bond-6,Fvanapvny,BH,2.67,14.0,450.2
Bond-7,Fvanapvny,BH,2.79,5.0,135.6
Bond-8,Fvanapvny,BH,1.38,8.0,239.8
Bond-9,Fvanapvny,BH,4.85,7.0,192.7
Bond-10,Fvanapvny,BH,4.09,7.0,179.5
Bond-11,Fvanapvny,BH,1.33,7.0,126.2
Bond-12,Fvanapvny,BH,2.24,7.0,153.4
Bond-13,Fvanapvny,BH,3.71,15.0,485.0
Bond-14,Fvanapvny,BH,3.7,11.0,298.6
Bond-15,Fvanapvny,BH,2.03,6.0,106.1
Bond-16,Fvanapvny,BH,3.88,14.0,491.6
Bond-17,Fvanapvny,BH,3.23,4.0,123.0
Bond-18,Fvanapvny,BH,1.47,4.0,51.6
Bond-19,Fvanapvny,BH,2.33,4.0,92.8
Bond-20,Fvanapvny,BH,3.1,4.0,118.0
Bond-21,Fvanapvny,BH,1.37,3.0,38.1
Bond-22,Fvanapvny,BH,13.13,3.0,191.8
Bond-23,Fvanapvny,BH,3.17,7.0,179.0
Bond-24,Fvanapvny,BH,3.79,3.0,97.2
Bond-25,Fvanapvny,BH,1.18,3.0,58.2
Bond-26,Fvanapvny,BH,1.52,3.0,55.5
Bond-27,Fvanapvny,BH,2.5,3.0,76.9
Bond-28,Fvanapvny,BH,3.33,3.0,95.2
Bond-29,Fvanapvny,BH,7.76,3.0,135.4
Bond-30,Fvanapvny,BH,6.84,3.0,128.2
Bond-31,Fvanapvny,BH,7.3,3.0,132.0
Bond-32,Fvanapvny,BH,18.01,3.0,201.9
Bond-33,Fvanapvny,BH,2.39,6.0,154.4
Bond-34,Fvanapvny,BH,3.22,8.0,188.6
Bond-35,Fvanapvny,BH,2.38,7.0,135.4
Bond-36,Fvanapvny,BH,2.34,6.0,120.9
Bond-37,Iaqhfgevny,BH,1.72,11.0,474.6
Bond-38,Iaqhfgevny,BH,2.59,11.0,436.5
Bond-39,Iaqhfgevny,BH,1.93,11.0,495.3
Bond-40,Ovy_naq_Gnf,BH,7.77,3.0,134.9
Bond-41,Ovy_naq_Gnf,BH,13.29,3.0,197.6
Bond-42,Ovy_naq_Gnf,BH,1.16,6.0,75.2
Bond-43,Rrny_Efgngr,BH,4.48,8.0,201.1
Bond-44,Rrny_Efgngr,BH,1.4,15.0,866.9
Bond-45,Rrny_Efgngr,BH,2.2,15.0,917.7
Bond-46,Rrny_Efgngr,BH,5.28,11.0,362.1
Bond-47,Rrny_Efgngr,BH,3.36,10.0,310.7
Bond-48,Rrny_Efgngr,BH,3.5,10.0,343.2
Bond-49,Rrny_Efgngr,BH,1.8,11.0,571.3
Bond-50,Rrny_Efgngr,BH,3.26,9.0,245.6
Bond-51,Rrny_Efgngr,BH,4.48,9.0,247.9
Bond-52,Rrny_Efgngr,BH,7.03,9.0,285.8
Bond-53,Rrny_Efgngr,BH,4.54,11.0,611.7
Bond-54,Sbirervta,BH,4.26,3.0,78.2
Bond-55,Sbirervta,BH,1.96,3.0,47.8
Bond-56,Sbirervta,BH,5.1,3.0,87.0
Bond-57,Sbirervta,BH,6.27,3.0,95.5
Bond-58,Sbirervta,BH,8.22,3.0,110.5
Bond-59,Sbirervta,BH,18.49,3.0,173.2
Bond-60,Sbirervta,BH,17.25,3.0,172.3
Bond-61,Sbirervta,BH,4.2,6.0,150.6
Bond-62,Sbirervta,BH,3.69,9.0,145.7
Bond-63,Sbirervta,BH,6.44,9.0,196.0
Bond-64,TMT,BH,3.47,5.0,69.2
Bond-65,Tenafcbeg,BH,2.5,10.0,153.6
Bond-66,Tenafcbeg,BH,5.53,10.0,257.5
Bond-67,Tenafcbeg,BH,6.68,10.0,274.3
Bond-68,Tenafcbeg,BH,7.39,10.0,272.7
Bond-69,Tenafcbeg,BH,7.62,10.0,276.7
Bond-70,Tenafcbeg,BH,10.56,10.0,380.4
Bond-71,Tenafcbeg,BH,15.71,10.0,359.7
Bond-72,Tenafcbeg,BH,8.3,10.0,264.3
Bond-73,Tenafcbeg,BH,14.91,10.0,370.4
Bond-74,Tenafcbeg,BH,4.24,12.0,454.7
Bond-75,Tenafcbeg,BH,2.21,12.0,408.8
Bond-76,Tenafcbeg,BH,3.26,12.0,440.3
Bond-77,Tenafcbeg,BH,1.12,6.0,210.0
Bond-78,Ugvyvgvrf,BH,9.44,7.0,194.7
Bond-79,Ugvyvgvrf,BH,10.03,7.0,213.3
Bond-80,Ugvyvgvrf,BH,4.4,10.0,201.5
Bond-81,Ugvyvgvrf,BH,1.15,4.0,40.1
Bond-82,Ugvyvgvrf,BH,2.18,4.0,86.6
Bond-83,Ugvyvgvrf,BH,3.33,4.0,108.2
Bond-84,Ugvyvgvrf,BH,4.11,4.0,117.8
Bond-85,Ugvyvgvrf,BH,5.08,4.0,122.5
Bond-86,Ugvyvgvrf,BH,7.76,4.0,137.8
Bond-87,Ugvyvgvrf,BH,10.92,4.0,204.2
Bond-88,Fvanapvny,BD,3.61,14.0,845.5
Bond-89,Sbirervta,BD,3.84,13.0,456.7
Bond-90,Sbirervta,BD,7.45,13.0,378.5
Bond-91,Sbirervta,BC,3.69,18.0,1266.0
Bond-92,Sbirervta,BC,5.07,17.0,1197.5
Bond-93,Sbirervta,BC,7.86,17.0,1131.9
Bond-94,Cbafhzre,BJ,5.59,12.0,593.1
Bond-95,Cbafhzre,BJ,2.7,12.0,439.1
Bond-96,Cbafhzre,BJ,2.4,17.0,1108.0
Bond-97,Gbireazrag,BJ,7.8,17.0,1415.7
Bond-98,Gbireazrag,BJ,4.02,18.0,1507.0
Bond-99,Gbireazrag,BJ,4.41,18.0,1930.4
Bond-100,Ovy_naq_Gnf,BJ,2.95,17.0,1193.6
Bond-101,Ovy_naq_Gnf,BJ,1.98,15.0,937.6
Bond-102,Ovy_naq_Gnf,BJ,0.42,19.0,2472.2
Bond-103,Ovy_naq_Gnf,BJ,1.96,19.0,2143.4
Bond-104,Ovy_naq_Gnf,BJ,3.48,19.0,1776.6
Bond-105,Ovy_naq_Gnf,BJ,4.7,19.0,1508.0
Bond-106,Ovy_naq_Gnf,BJ,5.2,19.0,1455.8
Bond-107,Ovy_naq_Gnf,BJ,8.39,19.0,1088.7
Bond-108,Rrny_Efgngr,BJ,1.99,18.0,2422.9
Bond-109,Sbirervta,BJ,5.87,17.0,1615.7
Bond-110,Sbirervta,BJ,8.91,17.0,1325.1
Bond-111,Sbirervta,BJ,8.71,17.0,1316.8
Bond-112,Sbirervta,BJ,8.44,17.0,1448.7
Bond-113,Sbirervta,BJ,5.55,17.0,1545.0
Bond-114,TMT,BJ,0.64,17.0,1531.6
Bond-115,TMT,BJ,4.28,16.0,1177.3
Bond-116,TMT,BJ,3.7,16.0,1352.6
Bond-117,Tenafcbeg,BJ,2.06,18.0,2839.1
Bond-118,Ugvyvgvrf,BJ,2.59,19.0,2096.1
Bond-119,Ugvyvgvrf,BJ,1.71,18.0,4384.3
Bond-120,Ugvyvgvrf,BJ,3.22,18.0,2139.9
Bond-121,Ugvyvgvrf,BJ,2.35,18.0,1413.0
Bond-122,Ugvyvgvrf,BJ,4.54,18.0,1297.3
Bond-123,Ugvyvgvrf,BJ,5.09,18.0,1320.0
Bond-124,Ugvyvgvrf,BJ,3.59,18.0,1211.5
Bond-125,Ugvyvgvrf,BJ,3.87,19.0,1690.7
Bond-126,Ovy_naq_Gnf,BZ,2.39,7.0,93.7
Bond-127,Ovy_naq_Gnf,BZ,6.03,7.0,126.5
Bond-128,Ovy_naq_Gnf,BZ,5.32,7.0,104.9
Bond-129,Tenafcbeg,BZ,2.01,11.0,824.5
Bond-130,Fvanapvny,BU,3.57,16.0,542.0
Bond-131,Ovy_naq_Gnf,BU,4.62,12.0,360.5
Bond-132,Ovy_naq_Gnf,BU,2.3,12.0,289.1
Bond-133,Ovy_naq_Gnf,BU,7.13,12.0,393.7
Bond-134,Sbirervta,BU,3.18,12.0,294.8
Bond-135,Sbirervta,BU,6.48,12.0,362.5
Bond-136,Sbirervta,BU,8.92,12.0,320.4
Bond-137,Sbirervta,AW,9.77,9.0,63.4
Bond-138,Sbirervta,AW,24.32,9.0,150.9
Bond-139,Fvanapvny,AE,3.34,15.0,441.0
Bond-140,Fvanapvny,AE,1.44,8.0,141.2
Bond-141,Fvanapvny,AE,1.1,14.0,318.4
Bond-142,Fvanapvny,AE,3.07,14.0,376.2
Bond-143,Ovy_naq_Gnf,AE,5.33,14.0,587.5
Bond-144,Ovy_naq_Gnf,AE,3.42,14.0,534.9
Bond-145,Ovy_naq_Gnf,AE,5.79,14.0,604.7
Bond-146,Sbirervta,AE,1.64,14.0,328.4
Bond-147,Sbirervta,AE,2.58,14.0,354.2
Bond-148,Sbirervta,AE,3.03,14.0,377.0
Bond-149,Sbirervta,AE,3.96,14.0,390.4
Bond-150,Sbirervta,AE,4.15,14.0,394.6
Bond-151,Sbirervta,AE,4.43,14.0,426.0
Bond-152,Sbirervta,AE,6.01,14.0,505.8
Bond-153,Sbirervta,AE,6.74,14.0,514.8
Bond-154,Sbirervta,AE,6.0,14.0,379.2
Bond-155,Sbirervta,AE,12.1,14.0,574.3
Bond-156,Sbirervta,AE,11.86,14.0,608.8
Bond-157,Sbirervta,AE,8.57,14.0,527.6
Bond-158,Sbirervta,AE,8.06,15.0,527.9
Bond-159,Sbirervta,AE,6.8,14.0,545.7
Bond-160,Cbafhzre,AD,4.02,11.0,136.2
Bond-161,Fvanapvny,AD,6.86,10.0,269.7
Bond-162,Fvanapvny,AD,1.32,10.0,131.2
Bond-163,Fvanapvny,AD,5.12,10.0,480.8
Bond-164,Fvanapvny,AD,4.12,9.0,116.4
Bond-165,Fvanapvny,AD,14.95,9.0,249.4
Bond-166,Fvanapvny,AD,14.84,7.0,189.2
Bond-167,Sbirervta,AD,3.09,6.0,140.0
Bond-168,Sbirervta,AD,5.43,6.0,151.6
Bond-169,Sbirervta,AD,6.85,6.0,159.2
Bond-170,Sbirervta,AD,2.14,6.0,115.9
Bond-171,Sbirervta,AC,2.6,15.0,579.3
Bond-172,Sbirervta,AC,5.38,15.0,692.1
Bond-173,Sbirervta,AC,1.9,15.0,537.8
Bond-174,Cbafhzre,AJ,2.25,15.0,405.6
Bond-175,Cbafhzre,AJ,0.93,13.0,501.9
Bond-176,Cbafhzre,AJ,4.48,13.0,461.1
Bond-177,Cbafhzre,AJ,3.29,13.0,279.8
Bond-178,Cbafhzre,AJ,5.25,13.0,332.7
Bond-179,Cbafhzre,AJ,7.23,12.0,387.1
Bond-180,Cbafhzre,AJ,14.16,12.0,479.3
Bond-181,Cbafhzre,AJ,2.0,12.0,268.1
Bond-182,Cbafhzre,AJ,1.22,13.0,455.9
Bond-183,Cbafhzre,AJ,5.75,13.0,441.4
Bond-184,Cbafhzre,AJ,3.09,12.0,371.3
Bond-185,Cbafhzre,AJ,3.35,12.0,405.8
Bond-186,Cbafhzre,AJ,2.45,12.0,452.7
Bond-187,Cbafhzre,AJ,3.09,12.0,365.6
Bond-188,Cbafhzre,AJ,2.18,12.0,398.0
Bond-189,Cbafhzre,AJ,1.21,12.0,414.7
Bond-190,Cbafhzre,AJ,1.22,13.0,481.1
Bond-191,Cbafhzre,AJ,2.32,13.0,490.0
Bond-192,Cbafhzre,AJ,4.11,13.0,483.4
Bond-193,Cbafhzre,AJ,2.16,13.0,382.0
Bond-194,Dvirefvsvrq,AJ,5.04,11.0,346.4
Bond-195,Dvirefvsvrq,AJ,6.84,11.0,410.3
Bond-196,Fvanapvny,AJ,1.91,13.0,217.9
Bond-197,Fvanapvny,AJ,1.26,13.0,201.5
Bond-198,Fvanapvny,AJ,2.35,13.0,245.6
Bond-199,Fvanapvny,AJ,2.13,15.0,272.6
Bond-200,Fvanapvny,AJ,3.19,13.0,287.1
Bond-201,Fvanapvny,AJ,3.85,13.0,295.7
Bond-202,Fvanapvny,AJ,3.0,17.0,786.9
Bond-203,Fvanapvny,AJ,2.19,17.0,488.3
Bond-204,Fvanapvny,AJ,3.09,16.0,600.7
Bond-205,Fvanapvny,AJ,2.22,13.0,268.6
Bond-206,Fvanapvny,AJ,1.94,18.0,576.7
Bond-207,Fvanapvny,AJ,2.77,13.0,176.6
Bond-208,Fvanapvny,AJ,3.27,13.0,222.9
Bond-209,Fvanapvny,AJ,1.36,14.0,208.1
Bond-210,Fvanapvny,AJ,1.26,15.0,341.8
Bond-211,Fvanapvny,AJ,2.16,13.0,326.7
Bond-212,Fvanapvny,AJ,1.87,14.0,353.2
Bond-213,Fvanapvny,AJ,2.91,15.0,658.2
Bond-214,Fvanapvny,AJ,1.99,13.0,184.0
Bond-215,Fvanapvny,AJ,2.21,13.0,213.8
Bond-216,Fvanapvny,AJ,1.97,15.0,788.3
Bond-217,Fvanapvny,AJ,2.22,15.0,736.8
Bond-218,Fvanapvny,AJ,3.98,13.0,242.1
Bond-219,Fvanapvny,AJ,3.67,14.0,444.9
Bond-220,Fvanapvny,AJ,3.83,15.0,773.4
Bond-221,Fvanapvny,AJ,2.41,14.0,247.2
Bond-222,Fvanapvny,AJ,1.75,14.0,238.9
Bond-223,Fvanapvny,AJ,1.41,14.0,215.8
Bond-224,Fvanapvny,AJ,1.16,14.0,208.9
Bond-225,Gbireazrag,AJ,3.39,13.0,370.6
Bond-226,Iaqhfgevny,AJ,2.98,11.0,379.1
Bond-227,Iaqhfgevny,AJ,6.04,11.0,466.3
Bond-228,Iaqhfgevny,AJ,10.8,11.0,568.2
Bond-229,Iaqhfgevny,AJ,7.38,11.0,484.2
Bond-230,Iaqhfgevny,AJ,13.14,11.0,553.1
Bond-231,Iaqhfgevny,AJ,3.99,14.0,791.9
Bond-232,Iaqhfgevny,AJ,1.59,12.0,421.0
Bond-233,Iaqhfgevny,AJ,2.69,12.0,491.9
Bond-234,Iaqhfgevny,AJ,4.05,12.0,564.4
Bond-235,Iaqhfgevny,AJ,5.21,11.0,587.9
Bond-236,Iaqhfgevny,AJ,5.64,11.0,625.1
Bond-237,Iaqhfgevny,AJ,3.1,18.0,1503.0
Bond-238,Iaqhfgevny,AJ,1.65,12.0,546.2
Bond-239,Iaqhfgevny,AJ,5.14,11.0,298.4
Bond-240,Iaqhfgevny,AJ,11.44,11.0,418.4
Bond-241,Mrgnyf_naq_Mvavat,AJ,3.66,15.0,708.4
Bond-242,Mrgnyf_naq_Mvavat,AJ,2.13,15.0,581.8
Bond-243,Mrgnyf_naq_Mvavat,AJ,12.28,16.0,703.0
Bond-244,Mrgnyf_naq_Mvavat,AJ,3.26,11.0,200.4
Bond-245,Mrgnyf_naq_Mvavat,AJ,5.33,10.0,268.4
Bond-246,Mrgnyf_naq_Mvavat,AJ,3.77,10.0,208.3
Bond-247,Mrgnyf_naq_Mvavat,AJ,2.35,11.0,202.2
Bond-248,Mrgnyf_naq_Mvavat,AJ,2.97,11.0,250.6
Bond-249,Mrgnyf_naq_Mvavat,AJ,5.89,10.0,292.6
Bond-250,Mrgnyf_naq_Mvavat,AJ,7.28,10.0,307.1
Bond-251,Mrgnyf_naq_Mvavat,AJ,12.37,11.0,394.2
Bond-252,Mrgnyf_naq_Mvavat,AJ,5.91,11.0,319.5
Bond-253,Mrgnyf_naq_Mvavat,AJ,3.42,11.0,258.2
Bond-254,Mrgnyf_naq_Mvavat,AJ,6.49,11.0,342.4
Bond-255,Mrgnyf_naq_Mvavat,AJ,12.75,11.0,500.3
Bond-256,Mrgnyf_naq_Mvavat,AJ,4.94,10.0,254.9
Bond-257,Mrgnyf_naq_Mvavat,AJ,8.29,10.0,302.9
Bond-258,Mrgnyf_naq_Mvavat,AJ,12.94,10.0,470.0
Bond-259,Mrgnyf_naq_Mvavat,AJ,7.24,10.0,334.1
Bond-260,Mrgnyf_naq_Mvavat,AJ,6.41,10.0,335.7
Bond-261,Mrgnyf_naq_Mvavat,AJ,4.1,13.0,499.8
Bond-262,Mrgnyf_naq_Mvavat,AJ,4.97,10.0,243.4
Bond-263,Mrgnyf_naq_Mvavat,AJ,8.87,10.0,336.4
Bond-264,Mrgnyf_naq_Mvavat,AJ,10.38,10.0,341.1
Bond-265,Mrgnyf_naq_Mvavat,AJ,11.53,10.0,344.3
Bond-266,Mrgnyf_naq_Mvavat,AJ,13.33,10.0,332.8
Bond-267,Ovy_naq_Gnf,AJ,15.1,13.0,553.3
Bond-268,Ovy_naq_Gnf,AJ,2.45,13.0,203.7
Bond-269,Ovy_naq_Gnf,AJ,3.13,13.0,255.1
Bond-270,Ovy_naq_Gnf,AJ,4.51,13.0,335.3
Bond-271,Ovy_naq_Gnf,AJ,5.08,13.0,367.0
Bond-272,Ovy_naq_Gnf,AJ,6.62,13.0,374.4
Bond-273,Ovy_naq_Gnf,AJ,10.93,13.0,503.9
Bond-274,Ovy_naq_Gnf,AJ,11.27,13.0,504.8
Bond-275,Ovy_naq_Gnf,AJ,12.45,13.0,469.3
Bond-276,Ovy_naq_Gnf,AJ,11.91,13.0,521.9
Bond-277,Ovy_naq_Gnf,AJ,13.11,13.0,512.9
Bond-278,Ovy_naq_Gnf,AJ,3.85,13.0,269.0
Bond-279,Ovy_naq_Gnf,AJ,5.92,13.0,379.7
Bond-280,Ovy_naq_Gnf,AJ,1.77,13.0,493.9
Bond-281,Ovy_naq_Gnf,AJ,3.62,13.0,631.2
Bond-282,Ovy_naq_Gnf,AJ,2.77,13.0,532.0
Bond-283,Sbirervta,AJ,2.18,13.0,94.1
Bond-284,Sbirervta,AJ,3.03,13.0,157.3
Bond-285,Sbirervta,AJ,3.69,13.0,236.1
Bond-286,Sbirervta,AJ,3.88,13.0,200.1
Bond-287,Sbirervta,AJ,4.66,13.0,233.3
Bond-288,Sbirervta,AJ,5.03,13.0,302.0
Bond-289,Sbirervta,AJ,4.32,13.0,237.6
Bond-290,Sbirervta,AJ,5.97,13.0,284.1
Bond-291,Sbirervta,AJ,8.73,13.0,399.1
Bond-292,Sbirervta,AJ,10.21,13.0,411.0
Bond-293,Sbirervta,AJ,7.92,13.0,324.4
Bond-294,Sbirervta,AJ,12.21,13.0,404.8
Bond-295,Sbirervta,AJ,6.91,13.0,303.4
Bond-296,Sbirervta,AJ,13.89,13.0,399.1
Bond-297,Sbirervta,AJ,14.1,13.0,406.2
Bond-298,TMT,AJ,1.7,14.0,731.2
Bond-299,TMT,AJ,3.91,12.0,374.4
Bond-300,Tenafcbeg,AJ,3.27,19.0,1346.8
Bond-301,Tenafcbeg,AJ,3.34,18.0,1697.9
Bond-302,Tenafcbeg,AJ,2.95,13.0,491.6
Bond-303,Tenafcbeg,AJ,2.48,13.0,610.3
Bond-304,Tenafcbeg,AJ,5.71,12.0,596.9
Bond-305,Tenafcbeg,AJ,5.84,13.0,420.1
Bond-306,Tenafcbeg,AJ,1.23,13.0,377.4
Bond-307,Ugvyvgvrf,AJ,2.69,12.0,432.2
Bond-308,Ugvyvgvrf,AJ,2.7,14.0,522.6
Bond-309,Ugvyvgvrf,AJ,1.02,13.0,200.2
Bond-310,Ugvyvgvrf,AJ,2.21,13.0,499.4
Bond-311,Ugvyvgvrf,AJ,5.33,10.0,326.2
Bond-312,Sbirervta,AN,5.48,12.0,720.1
Bond-313,Sbirervta,AN,2.86,12.0,881.2
Bond-314,Sbirervta,AN,6.33,12.0,783.2
Bond-315,Cbafhzre,AL,1.36,16.0,810.0
Bond-316,Fvanapvny,AL,3.01,15.0,821.3
Bond-317,Sbirervta,AL,2.16,16.0,786.4
Bond-318,Sbirervta,AL,5.07,16.0,756.7
Bond-319,Sbirervta,AL,6.9,16.0,650.7
Bond-320,Sbirervta,AU,7.05,17.0,1498.3
Bond-321,TMT,OM,3.19,15.0,524.8
Bond-322,Cbafhzre,OE,2.43,15.0,770.2
Bond-323,Mrgnyf_naq_Mvavat,OE,4.41,14.0,868.7
Bond-324,Mrgnyf_naq_Mvavat,OE,3.8,14.0,884.3
Bond-325,Sbirervta,OX,5.17,14.0,592.0
Bond-326,Sbirervta,OX,5.01,14.0,722.1
Bond-327,Sbirervta,OX,7.96,14.0,620.6
Bond-328,Cbafhzre,OY,2.81,9.0,121.5
Bond-329,Cbafhzre,OY,2.42,9.0,163.6
Bond-330,Cbafhzre,OY,3.71,9.0,207.3
Bond-331,Cbafhzre,OY,5.94,9.0,234.8
Bond-332,Cbafhzre,OY,15.61,6.0,249.4
Bond-333,Cbafhzre,OY,15.61,6.0,249.4
Bond-334,Cbafhzre,OY,5.67,10.0,240.5
Bond-335,Cbafhzre,OY,3.71,10.0,216.5
Bond-336,Cbafhzre,OY,12.82,10.0,426.0
Bond-337,Fvanapvny,OY,1.32,5.0,56.1
Bond-338,Fvanapvny,OY,6.17,6.0,159.9
Bond-339,Fvanapvny,OY,2.25,6.0,96.4
Bond-340,Fvanapvny,OY,3.95,6.0,106.9
Bond-341,Fvanapvny,OY,1.9,6.0,73.0
Bond-342,Mrgnyf_naq_Mvavat,OY,1.74,7.0,107.0
Bond-343,Mrgnyf_naq_Mvavat,OY,2.69,7.0,104.2
Bond-344,Mrgnyf_naq_Mvavat,OY,4.48,7.0,140.2
Bond-345,Mrgnyf_naq_Mvavat,OY,5.86,7.0,156.8
Bond-346,Mrgnyf_naq_Mvavat,OY,17.92,7.0,231.1
Bond-347,Mrgnyf_naq_Mvavat,OY,7.7,7.0,166.4
Bond-348,Mrgnyf_naq_Mvavat,OY,10.89,7.0,241.4
Bond-349,Mrgnyf_naq_Mvavat,OY,14.56,7.0,238.6
Bond-350,Mrgnyf_naq_Mvavat,OY,14.15,7.0,238.0
Bond-351,Mrgnyf_naq_Mvavat,OY,15.02,7.0,235.2
Bond-352,Mrgnyf_naq_Mvavat,OY,16.29,7.0,232.8
Bond-353,Mrgnyf_naq_Mvavat,OY,16.96,7.0,232.6
Bond-354,Mrgnyf_naq_Mvavat,OY,10.77,7.0,226.0
Bond-355,Mrgnyf_naq_Mvavat,OY,6.91,10.0,278.1
Bond-356,Mrgnyf_naq_Mvavat,OY,5.92,10.0,236.7
Bond-357,Mrgnyf_naq_Mvavat,OY,3.31,10.0,151.5
Bond-358,Mrgnyf_naq_Mvavat,OY,14.61,10.0,380.6
Bond-359,Mrgnyf_naq_Mvavat,OY,14.25,10.0,378.8
Bond-360,Mrgnyf_naq_Mvavat,OY,3.41,10.0,160.1
Bond-361,Mrgnyf_naq_Mvavat,OY,1.26,10.0,102.4
Bond-362,Mrgnyf_naq_Mvavat,OY,5.61,10.0,191.1
Bond-363,Mrgnyf_naq_Mvavat,OY,2.23,10.0,131.1
Bond-364,Mrgnyf_naq_Mvavat,OY,7.02,8.0,181.9
Bond-365,Mrgnyf_naq_Mvavat,OY,2.36,8.0,128.4
Bond-366,Ovy_naq_Gnf,OY,7.62,10.0,205.6
Bond-367,Ovy_naq_Gnf,OY,3.69,9.0,186.7
Bond-368,Ovy_naq_Gnf,OY,5.02,9.0,212.0
Bond-369,Ovy_naq_Gnf,OY,6.6,9.0,235.6
Bond-370,Ovy_naq_Gnf,OY,1.14,9.0,109.5
Bond-371,Ovy_naq_Gnf,OY,15.84,9.0,295.6
Bond-372,Ovy_naq_Gnf,OY,3.41,14.0,765.5
Bond-373,Sbirervta,OY,2.02,6.0,38.0
Bond-374,Sbirervta,OY,4.21,6.0,62.4
Bond-375,Sbirervta,OY,4.9,6.0,65.1
Bond-376,Sbirervta,OY,6.36,6.0,107.0
Bond-377,Sbirervta,OY,18.74,6.0,173.6
Bond-378,Sbirervta,OY,15.48,6.0,170.1
Bond-379,Sbirervta,OY,17.42,6.0,177.1
Bond-380,TMT,OY,1.93,9.0,106.4
Bond-381,TMT,OY,2.74,10.0,178.2
Bond-382,TMT,OY,4.61,10.0,212.1
Bond-383,TMT,OY,4.17,13.0,397.5
Bond-384,TMT,OY,4.05,14.0,485.9
Bond-385,TMT,OY,2.76,14.0,502.4
Bond-386,Tenafcbeg,OY,4.14,17.0,889.8
Bond-387,Ugvyvgvrf,OY,3.86,13.0,907.4
Bond-388,Ugvyvgvrf,OY,3.73,10.0,447.9
Bond-389,Ugvyvgvrf,OY,3.22,12.0,586.3
Bond-390,Ugvyvgvrf,OY,11.56,9.0,319.9
Bond-391,Ugvyvgvrf,OY,5.91,9.0,145.7
Bond-392,Ugvyvgvrf,OY,3.94,9.0,151.9
Bond-393,Ugvyvgvrf,OY,6.3,8.0,153.1
Bond-394,Ugvyvgvrf,OY,3.03,8.0,143.2
Bond-395,Ugvyvgvrf,OY,4.28,9.0,220.0
Bond-396,Ugvyvgvrf,OY,6.9,9.0,204.1
Bond-397,Ugvyvgvrf,OY,3.69,9.0,170.2
Bond-398,Ugvyvgvrf,OY,2.64,9.0,148.1
Bond-399,Sbirervta,OD,3.25,16.0,821.6
Bond-400,Cbafhzre,OS,1.68,13.0,549.5
Bond-401,Cbafhzre,OS,2.73,13.0,412.9
Bond-402,Cbafhzre,OS,3.63,7.0,151.8
Bond-403,Cbafhzre,OS,1.43,7.0,122.4
Bond-404,Cbafhzre,OS,2.68,8.0,124.7
Bond-405,Cbafhzre,OS,3.57,8.0,136.5
Bond-406,Cbafhzre,OS,2.87,7.0,149.6
Bond-407,Cbafhzre,OS,3.37,18.0,1676.8
Bond-408,Cbafhzre,OS,1.66,15.0,1359.2
Bond-409,Cbafhzre,OS,2.41,13.0,472.3
Bond-410,Cbafhzre,OS,4.76,8.0,142.0
Bond-411,Cbafhzre,OS,1.52,7.0,118.3
Bond-412,Cbafhzre,OS,2.19,9.0,300.9
Bond-413,Dvirefvsvrq,OS,1.05,9.0,235.4
Bond-414,Dvirefvsvrq,OS,1.06,10.0,243.3
Bond-415,Dvirefvsvrq,OS,1.17,8.0,124.0
Bond-416,Dvirefvsvrq,OS,5.12,8.0,139.9
Bond-417,Dvirefvsvrq,OS,1.75,5.0,152.2
Bond-418,Dvirefvsvrq,OS,1.4,12.0,467.8
Bond-419,Dvirefvsvrq,OS,2.46,12.0,494.2
Bond-420,Dvirefvsvrq,OS,1.72,8.0,236.9
Bond-421,Dvirefvsvrq,OS,3.16,7.0,254.5
Bond-422,Dvirefvsvrq,OS,3.41,6.0,299.1
Bond-423,Dvirefvsvrq,OS,1.34,7.0,219.0
Bond-424,Dvirefvsvrq,OS,1.09,7.0,206.9
Bond-425,Dvirefvsvrq,OS,1.68,8.0,274.6
Bond-426,Dvirefvsvrq,OS,1.8,8.0,277.9
Bond-427,Dvirefvsvrq,OS,1.03,9.0,425.0
Bond-428,Dvirefvsvrq,OS,2.13,13.0,490.4
Bond-429,Dvirefvsvrq,OS,1.77,10.0,467.7
Bond-430,Dvirefvsvrq,OS,1.83,10.0,345.4
Bond-431,Dvirefvsvrq,OS,3.42,9.0,334.7
Bond-432,Fvanapvny,OS,2.08,5.0,164.3
Bond-433,Fvanapvny,OS,1.34,6.0,78.1
Bond-434,Fvanapvny,OS,1.5,6.0,80.5
Bond-435,Fvanapvny,OS,3.32,6.0,100.1
Bond-436,Fvanapvny,OS,3.69,9.0,183.7
Bond-437,Fvanapvny,OS,5.81,6.0,138.2
Bond-438,Fvanapvny,OS,7.33,6.0,134.1
Bond-439,Fvanapvny,OS,4.01,11.0,336.3
Bond-440,Fvanapvny,OS,4.34,6.0,98.5
Bond-441,Fvanapvny,OS,1.27,7.0,152.3
Bond-442,Fvanapvny,OS,3.07,7.0,165.6
Bond-443,Fvanapvny,OS,1.05,6.0,133.8
Bond-444,Fvanapvny,OS,1.43,6.0,144.2
Bond-445,Fvanapvny,OS,4.2,7.0,184.3
Bond-446,Fvanapvny,OS,2.21,7.0,154.0
Bond-447,Fvanapvny,OS,1.83,7.0,145.6
Bond-448,Fvanapvny,OS,4.75,7.0,184.3
Bond-449,Fvanapvny,OS,5.99,7.0,187.2
Bond-450,Fvanapvny,OS,1.51,7.0,130.5
Bond-451,Fvanapvny,OS,7.61,7.0,211.6
Bond-452,Fvanapvny,OS,2.15,7.0,150.4
Bond-453,Fvanapvny,OS,3.63,7.0,167.6
Bond-454,Fvanapvny,OS,3.02,7.0,169.7
Bond-455,Fvanapvny,OS,2.41,7.0,149.4
Bond-456,Fvanapvny,OS,2.33,7.0,88.5
Bond-457,Fvanapvny,OS,1.6,8.0,168.7
Bond-458,Fvanapvny,OS,1.05,8.0,154.1
Bond-459,Fvanapvny,OS,1.4,7.0,120.9
Bond-460,Fvanapvny,OS,4.11,7.0,149.2
Bond-461,Fvanapvny,OS,2.24,7.0,130.7
Bond-462,Fvanapvny,OS,3.21,7.0,144.1
Bond-463,Fvanapvny,OS,5.65,7.0,177.5
Bond-464,Fvanapvny,OS,6.26,7.0,194.3
Bond-465,Fvanapvny,OS,7.02,7.0,188.7
Bond-466,Fvanapvny,OS,3.97,7.0,151.5
Bond-467,Fvanapvny,OS,3.25,7.0,147.8
Bond-468,Fvanapvny,OS,1.03,6.0,74.8
Bond-469,Fvanapvny,OS,1.65,6.0,79.0
Bond-470,Fvanapvny,OS,3.17,8.0,186.0
Bond-471,Fvanapvny,OS,2.09,5.0,78.7
Bond-472,Fvanapvny,OS,3.37,6.0,147.1
Bond-473,Fvanapvny,OS,1.77,6.0,130.6
Bond-474,Fvanapvny,OS,1.4,6.0,131.0
Bond-475,Fvanapvny,OS,2.44,5.0,133.8
Bond-476,Fvanapvny,OS,6.19,5.0,185.2
Bond-477,Fvanapvny,OS,3.8,5.0,147.9
Bond-478,Fvanapvny,OS,1.91,13.0,303.5
Bond-479,Fvanapvny,OS,2.83,7.0,99.6
Bond-480,Fvanapvny,OS,1.53,9.0,138.6
Bond-481,Fvanapvny,OS,2.02,9.0,254.7
Bond-482,Fvanapvny,OS,2.94,11.0,434.3
Bond-483,Fvanapvny,OS,1.49,8.0,131.1
Bond-484,Fvanapvny,OS,1.15,8.0,127.2
Bond-485,Fvanapvny,OS,1.37,8.0,126.6
Bond-486,Fvanapvny,OS,5.69,8.0,177.6
Bond-487,Fvanapvny,OS,6.32,8.0,181.4
Bond-488,Fvanapvny,OS,2.13,8.0,132.1
Bond-489,Fvanapvny,OS,1.13,8.0,131.5
Bond-490,Fvanapvny,OS,3.52,8.0,175.2
Bond-491,Fvanapvny,OS,2.02,8.0,149.6
Bond-492,Fvanapvny,OS,2.75,8.0,166.8
Bond-493,Fvanapvny,OS,3.62,9.0,186.1
Bond-494,Fvanapvny,OS,4.03,5.0,65.4
Bond-495,Fvanapvny,OS,1.43,5.0,56.3
Bond-496,Fvanapvny,OS,2.08,5.0,58.8
Bond-497,Fvanapvny,OS,3.58,5.0,76.2
Bond-498,Fvanapvny,OS,4.56,5.0,81.9
Bond-499,Fvanapvny,OS,5.12,5.0,77.1
Bond-500,Fvanapvny,OS,5.83,5.0,117.4
Bond-501,Fvanapvny,OS,17.78,5.0,142.2
Bond-502,Fvanapvny,OS,6.37,5.0,116.6
Bond-503,Fvanapvny,OS,1.04,8.0,127.7
Bond-504,Fvanapvny,OS,1.85,8.0,133.3
Bond-505,Fvanapvny,OS,2.48,8.0,135.2
Bond-506,Fvanapvny,OS,3.52,8.0,287.4
Bond-507,Fvanapvny,OS,6.08,8.0,186.7
Bond-508,Fvanapvny,OS,1.4,8.0,136.9
Bond-509,Fvanapvny,OS,2.96,9.0,132.2
Bond-510,Fvanapvny,OS,1.1,7.0,173.9
Bond-511,Fvanapvny,OS,1.5,7.0,178.0
Bond-512,Fvanapvny,OS,1.26,8.0,313.6
Bond-513,Fvanapvny,OS,4.95,7.0,242.0
Bond-514,Fvanapvny,OS,5.27,7.0,240.2
Bond-515,Fvanapvny,OS,5.57,7.0,265.6
Bond-516,Fvanapvny,OS,6.05,7.0,261.8
Bond-517,Fvanapvny,OS,7.11,7.0,282.3
Bond-518,Fvanapvny,OS,3.38,7.0,209.3
Bond-519,Fvanapvny,OS,7.96,7.0,275.3
Bond-520,Fvanapvny,OS,1.59,7.0,175.6
Bond-521,Fvanapvny,OS,8.168413,7.0,276.473966
Bond-522,Fvanapvny,OS,15.18,7.0,329.6
Bond-523,Fvanapvny,OS,1.97,8.0,293.2
Bond-524,Fvanapvny,OS,4.49,8.0,230.8
Bond-525,Fvanapvny,OS,3.82,8.0,231.3
Bond-526,Fvanapvny,OS,1.58,9.0,132.1
Bond-527,Fvanapvny,OS,4.64,5.0,105.3
Bond-528,Fvanapvny,OS,2.75,5.0,87.9
Bond-529,Fvanapvny,OS,2.02,6.0,82.3
Bond-530,Fvanapvny,OS,1.36,5.0,80.8
Bond-531,Fvanapvny,OS,1.95,5.0,82.6
Bond-532,Fvanapvny,OS,1.03,6.0,78.4
Bond-533,Fvanapvny,OS,4.45,9.0,180.0
Bond-534,Fvanapvny,OS,6.25,6.0,131.1
Bond-535,Fvanapvny,OS,4.56,11.0,331.4
Bond-536,Fvanapvny,OS,1.14,6.0,79.4
Bond-537,Fvanapvny,OS,1.6,6.0,126.2
Bond-538,Fvanapvny,OS,1.45,6.0,127.3
Bond-539,Fvanapvny,OS,5.06,6.0,146.3
Bond-540,Fvanapvny,OS,1.39,6.0,122.4
Bond-541,Fvanapvny,OS,2.03,6.0,126.7
Bond-542,Fvanapvny,OS,3.22,6.0,141.4
Bond-543,Fvanapvny,OS,6.29,6.0,153.8
Bond-544,Fvanapvny,OS,2.06,6.0,105.4
Bond-545,Fvanapvny,OS,1.42,10.0,410.3
Bond-546,Fvanapvny,OS,3.25,8.0,150.2
Bond-547,Fvanapvny,OS,6.2,7.0,182.8
Bond-548,Fvanapvny,OS,7.13,8.0,213.9
Bond-549,Fvanapvny,OS,3.58,7.0,148.7
Bond-550,Fvanapvny,OS,2.06,10.0,136.0
Bond-551,Fvanapvny,OS,1.45,10.0,447.9
Bond-552,Fvanapvny,OS,3.39,9.0,184.9
Bond-553,Fvanapvny,OS,7.21,9.0,225.3
Bond-554,Fvanapvny,OS,2.76,9.0,166.8
Bond-555,Fvanapvny,OS,1.91,12.0,352.0
Bond-556,Fvanapvny,OS,1.07,5.0,61.6
Bond-557,Fvanapvny,OS,1.29,5.0,66.3
Bond-558,Fvanapvny,OS,2.05,5.0,70.9
Bond-559,Fvanapvny,OS,5.2,5.0,81.3
Bond-560,Fvanapvny,OS,5.69,5.0,124.9
Bond-561,Fvanapvny,OS,12.32,5.0,159.7
Bond-562,Fvanapvny,OS,1.54,6.0,108.5
Bond-563,Fvanapvny,OS,3.4,6.0,123.7
Bond-564,Fvanapvny,OS,7.37,6.0,154.7
Bond-565,Fvanapvny,OS,5.82,6.0,155.7
Bond-566,Fvanapvny,OS,1.59,7.0,118.7
Bond-567,Fvanapvny,OS,12.85,7.0,210.2
Bond-568,Fvanapvny,OS,4.76,9.0,431.5
Bond-569,Fvanapvny,OS,2.81,6.0,152.8
Bond-570,Fvanapvny,OS,1.26,8.0,161.7
Bond-571,Gbireazrag,OS,1.73,6.0,108.1
Bond-572,Gbireazrag,OS,1.14,6.0,104.8
Bond-573,Iaqhfgevny,OS,3.53,8.0,189.3
Bond-574,Iaqhfgevny,OS,1.04,9.0,261.8
Bond-575,Iaqhfgevny,OS,3.31,9.0,355.5
Bond-576,Iaqhfgevny,OS,1.61,9.0,281.1
Bond-577,Iaqhfgevny,OS,3.47,7.0,137.9
Bond-578,Iaqhfgevny,OS,2.2,10.0,239.6
Bond-579,Iaqhfgevny,OS,3.78,10.0,355.6
Bond-580,Iaqhfgevny,OS,4.1,10.0,299.2
Bond-581,Iaqhfgevny,OS,2.48,7.0,121.8
Bond-582,Iaqhfgevny,OS,3.42,8.0,291.8
Bond-583,Iaqhfgevny,OS,1.75,8.0,143.8
Bond-584,Iaqhfgevny,OS,3.13,9.0,358.6
Bond-585,Iaqhfgevny,OS,2.2,9.0,172.1
Bond-586,Iaqhfgevny,OS,1.87,10.0,299.5
Bond-587,Iaqhfgevny,OS,1.16,9.0,253.6
Bond-588,Iaqhfgevny,OS,2.04,14.0,377.7
Bond-589,Iasenfgehpgher,OS,1.66,8.0,171.9
Bond-590,Iasenfgehpgher,OS,1.63,9.0,274.0
Bond-591,Iasenfgehpgher,OS,3.38,9.0,306.9
Bond-592,Iasenfgehpgher,OS,2.29,9.0,295.6
Bond-593,Iasenfgehpgher,OS,2.16,9.0,299.8
Bond-594,Iasenfgehpgher,OS,2.03,9.0,377.8
Bond-595,Iasenfgehpgher,OS,3.8,9.0,450.1
Bond-596,Mrgnyf_naq_Mvavat,OS,3.61,8.0,334.0
Bond-597,Mrgnyf_naq_Mvavat,OS,1.05,8.0,444.1
Bond-598,Mrgnyf_naq_Mvavat,OS,1.62,14.0,987.1
Bond-599,Mrgnyf_naq_Mvavat,OS,1.38,10.0,643.3
Bond-600,Mrgnyf_naq_Mvavat,OS,2.0,8.0,254.5
Bond-601,Mrgnyf_naq_Mvavat,OS,4.33,8.0,154.7
Bond-602,Mrgnyf_naq_Mvavat,OS,5.18,8.0,156.5
Bond-603,Mrgnyf_naq_Mvavat,OS,1.01,10.0,239.1
Bond-604,Mrgnyf_naq_Mvavat,OS,1.92,7.0,147.9
Bond-605,Mrgnyf_naq_Mvavat,OS,3.36,7.0,175.9
Bond-606,Mrgnyf_naq_Mvavat,OS,1.52,11.0,724.5
Bond-607,Mrgnyf_naq_Mvavat,OS,1.27,12.0,301.0
Bond-608,Mrgnyf_naq_Mvavat,OS,1.1,12.0,273.4
Bond-609,Mrgnyf_naq_Mvavat,OS,1.35,11.0,361.1
Bond-610,Ovy_naq_Gnf,OS,1.52,5.0,80.4
Bond-611,Ovy_naq_Gnf,OS,2.48,5.0,87.0
Bond-612,Ovy_naq_Gnf,OS,2.78,5.0,88.1
Bond-613,Ovy_naq_Gnf,OS,3.3,5.0,94.8
Bond-614,Ovy_naq_Gnf,OS,4.22,5.0,93.7
Bond-615,Ovy_naq_Gnf,OS,18.83,5.0,182.4
Bond-616,Ovy_naq_Gnf,OS,8.44,5.0,156.7
Bond-617,Ovy_naq_Gnf,OS,2.44,5.0,86.1
Bond-618,Ovy_naq_Gnf,OS,10.61,5.0,144.9
Bond-619,Ovy_naq_Gnf,OS,11.27,5.0,196.9
Bond-620,Ovy_naq_Gnf,OS,12.08,5.0,193.1
Bond-621,Ovy_naq_Gnf,OS,16.09,5.0,185.0
Bond-622,Ovy_naq_Gnf,OS,14.21,5.0,188.4
Bond-623,Ovy_naq_Gnf,OS,15.17,5.0,185.2
Bond-624,Ovy_naq_Gnf,OS,6.47,5.0,139.8
Bond-625,Ovy_naq_Gnf,OS,15.18,5.0,186.2
Bond-626,Ovy_naq_Gnf,OS,9.56,5.0,149.1
Bond-627,Ovy_naq_Gnf,OS,13.38,5.0,190.4
Bond-628,Ovy_naq_Gnf,OS,2.41,6.0,84.1
Bond-629,Ovy_naq_Gnf,OS,1.48,6.0,80.2
Bond-630,Ovy_naq_Gnf,OS,13.28,6.0,190.9
Bond-631,Ovy_naq_Gnf,OS,1.87,7.0,137.8
Bond-632,Ovy_naq_Gnf,OS,4.35,7.0,158.1
Bond-633,Ovy_naq_Gnf,OS,4.7,8.0,203.2
Bond-634,Ovy_naq_Gnf,OS,1.73,8.0,174.0
Bond-635,Ovy_naq_Gnf,OS,1.59,9.0,298.0
Bond-636,Ovy_naq_Gnf,OS,2.32,8.0,181.4
Bond-637,Ovy_naq_Gnf,OS,4.02,8.0,204.6
Bond-638,Ovy_naq_Gnf,OS,5.91,8.0,230.1
Bond-639,Ovy_naq_Gnf,OS,6.27,8.0,244.4
Bond-640,Ovy_naq_Gnf,OS,2.8,10.0,345.6
Bond-641,Ovy_naq_Gnf,OS,17.86,8.0,277.9
Bond-642,Ovy_naq_Gnf,OS,8.55,8.0,239.4
Bond-643,Ovy_naq_Gnf,OS,1.65,8.0,173.4
Bond-644,Ovy_naq_Gnf,OS,3.46,8.0,194.2
Bond-645,Ovy_naq_Gnf,OS,7.34,8.0,242.8
Bond-646,Ovy_naq_Gnf,OS,4.2,6.0,146.2
Bond-647,Ovy_naq_Gnf,OS,2.44,5.0,92.7
Bond-648,Ovy_naq_Gnf,OS,15.14,5.0,183.8
Bond-649,Ovy_naq_Gnf,OS,7.59,5.0,146.7
Bond-650,Ovy_naq_Gnf,OS,3.59,5.0,102.8
Bond-651,Ovy_naq_Gnf,OS,1.48,5.0,81.2
Bond-652,Ovy_naq_Gnf,OS,1.56,5.0,81.8
Bond-653,Ovy_naq_Gnf,OS,1.9,5.0,80.3
Bond-654,Ovy_naq_Gnf,OS,2.82,5.0,84.8
Bond-655,Ovy_naq_Gnf,OS,2.8,5.0,84.5
Bond-656,Ovy_naq_Gnf,OS,3.23,5.0,102.0
Bond-657,Ovy_naq_Gnf,OS,4.22,5.0,104.7
Bond-658,Ovy_naq_Gnf,OS,5.05,5.0,104.5
Bond-659,Ovy_naq_Gnf,OS,5.54,5.0,102.7
Bond-660,Ovy_naq_Gnf,OS,5.77,5.0,136.8
Bond-661,Ovy_naq_Gnf,OS,6.24,5.0,134.7
Bond-662,Ovy_naq_Gnf,OS,6.84,5.0,143.7
Bond-663,Ovy_naq_Gnf,OS,18.29,5.0,182.1
Bond-664,Ovy_naq_Gnf,OS,17.39,5.0,183.0
Bond-665,Ovy_naq_Gnf,OS,17.46,5.0,183.0
Bond-666,Ovy_naq_Gnf,OS,16.84,5.0,183.2
Bond-667,Ovy_naq_Gnf,OS,16.48,5.0,184.2
Bond-668,Ovy_naq_Gnf,OS,4.51,5.0,104.8
Bond-669,Ovy_naq_Gnf,OS,14.32,5.0,188.6
Bond-670,Ovy_naq_Gnf,OS,16.15,5.0,184.1
Bond-671,Ovy_naq_Gnf,OS,14.63,5.0,187.5
Bond-672,Rrny_Efgngr,OS,0.76,13.0,427.1
Bond-673,Rrny_Efgngr,OS,1.35,13.0,451.5
Bond-674,Rrny_Efgngr,OS,2.19,13.0,666.2
Bond-675,Rrny_Efgngr,OS,2.69,13.0,704.5
Bond-676,Rrny_Efgngr,OS,1.7,14.0,604.8
Bond-677,Rrny_Efgngr,OS,2.23,14.0,686.6
Bond-678,Rrny_Efgngr,OS,1.12,8.0,260.3
Bond-679,Rrny_Efgngr,OS,2.81,13.0,1074.5
Bond-680,Rrny_Efgngr,OS,1.35,13.0,969.4
Bond-681,Rrny_Efgngr,OS,2.96,15.0,668.1
Bond-682,Rrny_Efgngr,OS,1.36,15.0,577.1
Bond-683,Rrny_Efgngr,OS,2.23,15.0,618.6
Bond-684,Rrny_Efgngr,OS,2.01,8.0,121.5
Bond-685,Rrny_Efgngr,OS,2.81,8.0,127.9
Bond-686,Rrny_Efgngr,OS,2.4,8.0,131.1
Bond-687,Rrny_Efgngr,OS,3.22,8.0,139.6
Bond-688,Rrny_Efgngr,OS,6.35,8.0,188.8
Bond-689,Rrny_Efgngr,OS,7.56,8.0,184.1
Bond-690,Rrny_Efgngr,OS,9.79,8.0,200.6
Bond-691,Rrny_Efgngr,OS,13.85,8.0,254.5
Bond-692,Rrny_Efgngr,OS,13.71,8.0,254.8
Bond-693,Rrny_Efgngr,OS,0.11,8.0,103.8
Bond-694,Rrny_Efgngr,OS,0.51,10.0,192.6
Bond-695,Rrny_Efgngr,OS,1.38,10.0,221.6
Bond-696,Rrny_Efgngr,OS,7.26,10.0,326.5
Bond-697,Rrny_Efgngr,OS,2.68,12.0,1082.0
Bond-698,Rrny_Efgngr,OS,2.12,10.0,332.2
Bond-699,Rrny_Efgngr,OS,1.19,12.0,1015.8
Bond-700,Rrny_Efgngr,OS,1.66,11.0,495.1
Bond-701,Rrny_Efgngr,OS,1.32,13.0,449.1
Bond-702,Rrny_Efgngr,OS,4.09,13.0,546.5
Bond-703,Rrny_Efgngr,OS,1.24,13.0,444.3
Bond-704,Rrny_Efgngr,OS,2.13,13.0,463.5
Bond-705,Rrny_Efgngr,OS,1.77,14.0,543.6
Bond-706,Rrny_Efgngr,OS,0.4,14.0,527.9
Bond-707,Rrny_Efgngr,OS,3.48,13.0,540.4
Bond-708,Rrny_Efgngr,OS,2.28,13.0,521.5
Bond-709,Rrny_Efgngr,OS,3.7,13.0,543.1
Bond-710,Rrny_Efgngr,OS,0.41,12.0,407.3
Bond-711,Rrny_Efgngr,OS,0.79,10.0,304.5
Bond-712,Rrny_Efgngr,OS,0.08,10.0,95.8
Bond-713,Rrny_Efgngr,OS,0.96,10.0,331.0
Bond-714,Rrny_Efgngr,OS,0.95,10.0,309.2
Bond-715,Rrny_Efgngr,OS,1.41,10.0,279.1
Bond-716,Rrny_Efgngr,OS,1.24,10.0,303.1
Bond-717,Rrny_Efgngr,OS,5.2,10.0,328.1
Bond-718,Rrny_Efgngr,OS,2.24,10.0,353.3
Bond-719,Rrny_Efgngr,OS,3.8,10.0,354.4
Bond-720,Rrny_Efgngr,OS,3.77,10.0,372.7
Bond-721,Rrny_Efgngr,OS,3.63,8.0,150.2
Bond-722,Rrny_Efgngr,OS,7.16,8.0,182.1
Bond-723,Rrny_Efgngr,OS,3.1,8.0,160.6
Bond-724,Rrny_Efgngr,OS,2.87,12.0,711.4
Bond-725,Rrny_Efgngr,OS,1.98,15.0,1710.0
Bond-726,Rrny_Efgngr,OS,1.87,15.0,1684.8
Bond-727,Rrny_Efgngr,OS,2.52,15.0,1634.1
Bond-728,Rrny_Efgngr,OS,1.3,15.0,1663.4
Bond-729,Rrny_Efgngr,OS,2.25,15.0,1681.4
Bond-730,Rrny_Efgngr,OS,2.59,15.0,1670.2
Bond-731,Rrny_Efgngr,OS,3.49,15.0,1502.9
Bond-732,Rrny_Efgngr,OS,2.77,15.0,1616.0
Bond-733,Rrny_Efgngr,OS,1.27,15.0,1763.2
Bond-734,Rrny_Efgngr,OS,1.06,16.0,957.7
Bond-735,Rrny_Efgngr,OS,1.56,16.0,989.4
Bond-736,Rrny_Efgngr,OS,1.5,12.0,545.6
Bond-737,Rrny_Efgngr,OS,3.11,10.0,300.7
Bond-738,Rrny_Efgngr,OS,1.13,13.0,743.2
Bond-739,Rrny_Efgngr,OS,1.27,13.0,420.2
Bond-740,Rrny_Efgngr,OS,3.23,13.0,776.7
Bond-741,Rrny_Efgngr,OS,2.15,12.0,671.4
Bond-742,Rrny_Efgngr,OS,1.58,12.0,637.5
Bond-743,Rrny_Efgngr,OS,1.35,12.0,619.2
Bond-744,Rrny_Efgngr,OS,1.16,14.0,1293.8
Bond-745,Rrny_Efgngr,OS,2.04,14.0,1341.9
Bond-746,Rrny_Efgngr,OS,2.06,14.0,1363.5
Bond-747,Rrny_Efgngr,OS,3.01,14.0,1337.7
Bond-748,Rrny_Efgngr,OS,2.77,14.0,1355.7
Bond-749,Rrny_Efgngr,OS,1.58,14.0,1312.0
Bond-750,Rrny_Efgngr,OS,1.58,14.0,655.5
Bond-751,Rrny_Efgngr,OS,1.5,16.0,825.2
Bond-752,Rrny_Efgngr,OS,3.29,15.0,1103.5
Bond-753,Rrny_Efgngr,OS,2.32,15.0,1044.9
Bond-754,Rrny_Efgngr,OS,1.71,15.0,965.2
Bond-755,Rrny_Efgngr,OS,2.45,15.0,1056.3
Bond-756,Rrny_Efgngr,OS,1.97,15.0,1015.6
Bond-757,Rrny_Efgngr,OS,1.31,15.0,906.7
Bond-758,Rrny_Efgngr,OS,1.55,15.0,936.8
Bond-759,Rrny_Efgngr,OS,3.62,15.0,1132.0
Bond-760,Rrny_Efgngr,OS,2.98,15.0,1103.2
Bond-761,Rrny_Efgngr,OS,1.82,14.0,510.4
Bond-762,Rrny_Efgngr,OS,2.98,13.0,617.9
Bond-763,Rrny_Efgngr,OS,2.08,14.0,697.2
Bond-764,Rrny_Efgngr,OS,1.71,9.0,151.5
Bond-765,Rrny_Efgngr,OS,2.38,9.0,156.7
Bond-766,Rrny_Efgngr,OS,6.21,9.0,246.2
Bond-767,Rrny_Efgngr,OS,9.09,10.0,259.4
Bond-768,Rrny_Efgngr,OS,7.56,10.0,241.8
Bond-769,Rrny_Efgngr,OS,2.18,13.0,513.2
Bond-770,Rrny_Efgngr,OS,2.08,13.0,516.0
Bond-771,Rrny_Efgngr,OS,1.5,14.0,804.9
Bond-772,Rrny_Efgngr,OS,3.26,10.0,191.7
Bond-773,Rrny_Efgngr,OS,2.23,10.0,173.2
Bond-774,Rrny_Efgngr,OS,2.77,10.0,176.5
Bond-775,Rrny_Efgngr,OS,1.14,8.0,165.2
Bond-776,Rrny_Efgngr,OS,1.34,15.0,774.1
Bond-777,Rrny_Efgngr,OS,1.38,14.0,928.2
Bond-778,Rrny_Efgngr,OS,12.56,13.0,684.6
Bond-779,Rrny_Efgngr,OS,12.18,13.0,718.6
Bond-780,Rrny_Efgngr,OS,1.29,13.0,706.2
Bond-781,Rrny_Efgngr,OS,2.02,13.0,757.9
Bond-782,Rrny_Efgngr,OS,1.8,14.0,734.8
Bond-783,Rrny_Efgngr,OS,1.27,10.0,248.0
Bond-784,Rrny_Efgngr,OS,2.56,10.0,275.9
Bond-785,Rrny_Efgngr,OS,1.33,10.0,233.6
Bond-786,Rrny_Efgngr,OS,3.4,10.0,326.5
Bond-787,Rrny_Efgngr,OS,5.27,10.0,370.8
Bond-788,Rrny_Efgngr,OS,1.77,12.0,1395.0
Bond-789,Rrny_Efgngr,OS,6.96,10.0,390.9
Bond-790,Rrny_Efgngr,OS,1.41,10.0,259.6
Bond-791,Rrny_Efgngr,OS,1.68,14.0,695.2
Bond-792,Rrny_Efgngr,OS,1.27,14.0,663.3
Bond-793,Rrny_Efgngr,OS,2.56,14.0,724.3
Bond-794,Rrny_Efgngr,OS,1.54,14.0,678.7
Bond-795,Rrny_Efgngr,OS,2.19,14.0,714.0
Bond-796,Rrny_Efgngr,OS,1.34,15.0,677.5
Bond-797,Rrny_Efgngr,OS,1.65,15.0,1678.1
Bond-798,Rrny_Efgngr,OS,2.27,15.0,1660.9
Bond-799,Rrny_Efgngr,OS,1.08,14.0,533.6
Bond-800,Rrny_Efgngr,OS,2.49,14.0,552.6
Bond-801,Rrny_Efgngr,OS,0.15,9.0,171.6
Bond-802,Rrny_Efgngr,OS,2.38,9.0,155.2
Bond-803,Rrny_Efgngr,OS,3.16,9.0,177.0
Bond-804,Rrny_Efgngr,OS,3.38,9.0,176.6
Bond-805,Rrny_Efgngr,OS,6.13,9.0,214.3
Bond-806,Rrny_Efgngr,OS,3.51,13.0,607.0
Bond-807,Rrny_Efgngr,OS,1.62,11.0,418.2
Bond-808,Rrny_Efgngr,OS,2.27,14.0,492.8
Bond-809,Rrny_Efgngr,OS,2.18,10.0,250.8
Bond-810,Rrny_Efgngr,OS,2.76,10.0,231.8
Bond-811,Rrny_Efgngr,OS,1.23,14.0,571.7
Bond-812,Rrny_Efgngr,OS,2.69,14.0,610.7
Bond-813,Rrny_Efgngr,OS,2.08,14.0,606.1
Bond-814,Rrny_Efgngr,OS,1.85,14.0,698.1
Bond-815,Rrny_Efgngr,OS,2.91,14.0,681.6
Bond-816,Rrny_Efgngr,OS,1.57,10.0,280.3
Bond-817,Rrny_Efgngr,OS,0.91,15.0,966.2
Bond-818,Rrny_Efgngr,OS,2.87,15.0,777.0
Bond-819,Rrny_Efgngr,OS,2.03,16.0,729.3
Bond-820,Rrny_Efgngr,OS,1.66,15.0,716.5
Bond-821,Rrny_Efgngr,OS,1.32,16.0,678.0
Bond-822,Rrny_Efgngr,OS,2.21,15.0,722.1
Bond-823,Sbirervta,OS,17.13,5.0,112.0
Bond-824,Sbirervta,OS,2.89,5.0,27.3
Bond-825,Sbirervta,OS,7.04,5.0,62.1
Bond-826,Sbirervta,OS,18.32,5.0,121.7
Bond-827,TMT,OS,2.49,5.0,50.4
Bond-828,TMT,OS,3.63,5.0,75.7
Bond-829,TMT,OS,6.17,5.0,104.9
Bond-830,TMT,OS,10.52,5.0,144.2
Bond-831,TMT,OS,20.59,5.0,177.9
Bond-832,TMT,OS,12.47,5.0,163.4
Bond-833,TMT,OS,17.16,5.0,169.4
Bond-834,TMT,OS,4.31,7.0,128.1
Bond-835,TMT,OS,5.99,7.0,156.9
Bond-836,TMT,OS,1.71,7.0,94.4
Bond-837,TMT,OS,2.06,7.0,93.6
Bond-838,TMT,OS,2.77,7.0,101.7
Bond-839,TMT,OS,6.29,7.0,167.5
Bond-840,TMT,OS,3.25,7.0,119.6
Bond-841,TMT,OS,6.58,7.0,166.1
Bond-842,TMT,OS,4.98,9.0,140.5
Bond-843,TMT,OS,10.21,10.0,214.9
Bond-844,TMT,OS,7.68,10.0,206.1
Bond-845,TMT,OS,17.13,10.0,289.5
Bond-846,TMT,OS,8.35,5.0,147.9
Bond-847,TMT,OS,2.14,5.0,77.0
Bond-848,TMT,OS,3.22,5.0,97.9
Bond-849,TMT,OS,4.03,5.0,103.7
Bond-850,TMT,OS,4.84,5.0,103.5
Bond-851,TMT,OS,6.23,5.0,154.5
Bond-852,TMT,OS,7.02,5.0,158.5
Bond-853,TMT,OS,18.7,5.0,208.8
Bond-854,TMT,OS,12.52,5.0,191.6
Bond-855,TMT,OS,16.99,5.0,205.3
Bond-856,TMT,OS,3.43,9.0,167.4
Bond-857,TMT,OS,7.9,10.0,210.8
Bond-858,Tenafcbeg,OS,1.33,18.0,2057.8
Bond-859,Tenafcbeg,OS,1.04,8.0,316.4
Bond-860,Tenafcbeg,OS,6.0,8.0,356.6
Bond-861,Tenafcbeg,OS,1.17,8.0,183.2
Bond-862,Tenafcbeg,OS,1.27,12.0,583.6
Bond-863,Tenafcbeg,OS,3.25,9.0,314.4
Bond-864,Tenafcbeg,OS,1.7,6.0,116.1
Bond-865,Tenafcbeg,OS,6.0,6.0,164.0
Bond-866,Tenafcbeg,OS,1.35,9.0,936.8
Bond-867,Tenafcbeg,OS,2.24,8.0,126.1
Bond-868,Tenafcbeg,OS,5.3,7.0,125.7
Bond-869,Tenafcbeg,OS,1.76,7.0,121.2
Bond-870,Tenafcbeg,OS,2.06,9.0,157.0
Bond-871,Tenafcbeg,OS,1.11,9.0,210.4
Bond-872,Tenafcbeg,OS,1.51,9.0,128.4
Bond-873,Tenafcbeg,OS,4.34,9.0,160.0
Bond-874,Tenafcbeg,OS,2.67,9.0,134.8
Bond-875,Tenafcbeg,OS,6.59,9.0,186.2
Bond-876,Tenafcbeg,OS,1.75,9.0,296.5
Bond-877,Tenafcbeg,OS,3.48,7.0,358.9
Bond-878,Tenafcbeg,OS,2.06,5.0,136.1
Bond-879,Tenafcbeg,OS,1.68,9.0,297.7
Bond-880,Tenafcbeg,OS,1.58,13.0,612.2
Bond-881,Tenafcbeg,OS,1.07,9.0,206.8
Bond-882,Tenafcbeg,OS,1.61,10.0,483.9
Bond-883,Tenafcbeg,OS,1.58,12.0,703.3
Bond-884,Tenafcbeg,OS,2.06,8.0,253.1
Bond-885,Tenafcbeg,OS,3.35,7.0,265.7
Bond-886,Tenafcbeg,OS,1.66,7.0,247.0
Bond-887,Tenafcbeg,OS,2.66,7.0,116.8
Bond-888,Tenafcbeg,OS,3.76,5.0,114.4
Bond-889,Tenafcbeg,OS,7.89,5.0,158.4
Bond-890,Tenafcbeg,OS,3.5,5.0,118.3
Bond-891,Tenafcbeg,OS,7.53,5.0,161.6
Bond-892,Tenafcbeg,OS,1.67,11.0,437.0
Bond-893,Tenafcbeg,OS,1.16,8.0,188.9
Bond-894,Tenafcbeg,OS,2.03,9.0,273.1
Bond-895,Tenafcbeg,OS,1.12,7.0,241.0
Bond-896,Tenafcbeg,OS,1.46,8.0,237.4
Bond-897,Tenafcbeg,OS,1.65,8.0,237.1
Bond-898,Tenafcbeg,OS,1.54,10.0,281.2
Bond-899,Tenafcbeg,OS,1.17,7.0,182.3
Bond-900,Tenafcbeg,OS,1.6,11.0,515.9
Bond-901,Ugvyvgvrf,OS,1.49,8.0,146.7
Bond-902,Ugvyvgvrf,OS,12.82,8.0,246.7
Bond-903,Ugvyvgvrf,OS,1.61,7.0,157.9
Bond-904,Ugvyvgvrf,OS,4.73,6.0,99.2
Bond-905,Ugvyvgvrf,OS,3.55,6.0,117.1
Bond-906,Ugvyvgvrf,OS,4.21,7.0,123.5
Bond-907,Ugvyvgvrf,OS,6.29,6.0,158.4
Bond-908,Ugvyvgvrf,OS,2.1,6.0,104.3
Bond-909,Ugvyvgvrf,OS,2.79,6.0,107.3
Bond-910,Ugvyvgvrf,OS,4.58,7.0,129.7
Bond-911,Ugvyvgvrf,OS,5.46,5.0,89.9
Bond-912,Ugvyvgvrf,OS,10.71,5.0,125.1
Bond-913,Ugvyvgvrf,OS,4.7,5.0,86.2
Bond-914,Ugvyvgvrf,OS,9.01,5.0,128.5
Bond-915,Ugvyvgvrf,OS,1.54,5.0,71.6
Bond-916,Ugvyvgvrf,OS,2.52,5.0,72.2
Bond-917,Ugvyvgvrf,OS,2.44,5.0,72.9
Bond-918,Ugvyvgvrf,OS,3.32,5.0,84.6
Bond-919,Ugvyvgvrf,OS,5.86,5.0,111.8
Bond-920,Ugvyvgvrf,OS,5.17,5.0,83.9
Bond-921,Ugvyvgvrf,OS,6.5,5.0,124.6
Bond-922,Ugvyvgvrf,OS,17.31,5.0,161.7
Bond-923,Ugvyvgvrf,OS,15.25,5.0,165.8
Bond-924,Ugvyvgvrf,OS,15.37,5.0,164.8
Bond-925,Ugvyvgvrf,OS,1.45,12.0,390.7
Bond-926,Ugvyvgvrf,OS,2.14,12.0,403.6
Bond-927,Ugvyvgvrf,OS,1.43,7.0,127.6
Bond-928,Ugvyvgvrf,OS,1.27,11.0,529.3
Bond-929,Ugvyvgvrf,OS,1.69,10.0,517.5
Bond-930,Ugvyvgvrf,OS,2.47,6.0,122.1
Bond-931,Ugvyvgvrf,OS,3.36,6.0,244.0
Bond-932,Ugvyvgvrf,OS,1.15,6.0,109.7
Bond-933,Ugvyvgvrf,OS,5.5,6.0,108.9
Bond-934,Ugvyvgvrf,OS,1.54,6.0,221.0
Bond-935,Ugvyvgvrf,OS,1.55,5.0,91.2
Bond-936,Ugvyvgvrf,OS,2.81,5.0,97.8
Bond-937,Ugvyvgvrf,OS,5.86,5.0,136.3
Bond-938,Ugvyvgvrf,OS,6.86,5.0,136.9
Bond-939,Ugvyvgvrf,OS,2.83,7.0,168.9
Bond-940,Ugvyvgvrf,OS,1.04,7.0,155.5
Bond-941,Ugvyvgvrf,OS,1.75,9.0,144.9
Bond-942,Ugvyvgvrf,OS,4.29,5.0,107.4
Bond-943,Ugvyvgvrf,OS,5.17,5.0,110.1
Bond-944,Ugvyvgvrf,OS,1.97,9.0,416.7
Bond-945,Ugvyvgvrf,OS,1.09,9.0,377.2
Bond-946,Ugvyvgvrf,OS,1.34,9.0,526.3
Bond-947,Fvanapvny,OC,1.88,11.0,317.5
Bond-948,Fvanapvny,OC,7.5,11.0,415.9
Bond-949,Fvanapvny,OC,2.22,12.0,281.4
Bond-950,Fvanapvny,OC,4.65,12.0,404.5
Bond-951,Fvanapvny,OC,5.68,10.0,305.8
Bond-952,Fvanapvny,OC,3.98,11.0,360.5
Bond-953,Fvanapvny,OC,1.85,12.0,211.3
Bond-954,Fvanapvny,OC,1.87,13.0,555.6
Bond-955,Fvanapvny,OC,3.94,10.0,266.4
Bond-956,Fvanapvny,OC,3.72,13.0,512.4
Bond-957,Fvanapvny,OC,1.67,12.0,204.5
Bond-958,Fvanapvny,OC,2.22,14.0,720.6
Bond-959,Fvanapvny,OC,1.37,14.0,564.8
Bond-960,Fvanapvny,OC,4.57,10.0,262.2
Bond-961,Fvanapvny,OC,5.62,8.0,209.0
Bond-962,Fvanapvny,OC,3.2,8.0,202.5
Bond-963,Ovy_naq_Gnf,OC,3.04,14.0,606.4
Bond-964,Ovy_naq_Gnf,OC,2.73,10.0,212.3
Bond-965,Ovy_naq_Gnf,OC,3.9,10.0,256.0
Bond-966,Ovy_naq_Gnf,OC,4.72,10.0,295.2
Bond-967,Ovy_naq_Gnf,OC,12.24,10.0,447.2
Bond-968,Ovy_naq_Gnf,OC,13.24,10.0,421.8
Bond-969,Ovy_naq_Gnf,OC,6.93,10.0,371.8
Bond-970,Ovy_naq_Gnf,OC,2.17,15.0,1757.5
Bond-971,Sbirervta,OC,8.02,10.0,363.8
Bond-972,Sbirervta,OC,2.14,10.0,117.3
Bond-973,Sbirervta,OC,3.15,10.0,186.5
Bond-974,Sbirervta,OC,2.96,10.0,153.4
Bond-975,Sbirervta,OC,4.54,10.0,193.4
Bond-976,Sbirervta,OC,5.53,10.0,208.8
Bond-977,Sbirervta,OC,6.92,10.0,228.7
Bond-978,Sbirervta,OC,10.85,10.0,316.8
Bond-979,Sbirervta,OC,12.55,10.0,309.8
Bond-980,Sbirervta,OC,13.85,10.0,303.0
Bond-981,Sbirervta,OC,14.61,10.0,291.8
Bond-982,Sbirervta,OC,15.7,10.0,294.3
Bond-983,TMT,OC,3.52,12.0,394.6
Bond-984,TMT,OC,3.12,12.0,446.8
Bond-985,Tenafcbeg,OC,4.61,12.0,515.3
Bond-986,Ugvyvgvrf,OC,7.05,10.0,363.4
Bond-987,Ugvyvgvrf,OC,8.2,10.0,360.8
Bond-988,Ugvyvgvrf,OC,5.13,9.0,185.0
Bond-989,Ugvyvgvrf,OC,7.49,9.0,274.6
Bond-990,Ugvyvgvrf,OC,1.97,12.0,508.0
Bond-991,Ugvyvgvrf,OC,6.47,10.0,309.8
Bond-992,Fvanapvny,OJ,2.71,15.0,501.9
Bond-993,Sbirervta,OJ,2.15,15.0,570.2
Bond-994,Sbirervta,OJ,3.98,15.0,570.1
Bond-995,Sbirervta,OJ,10.46,15.0,699.1
Bond-996,Sbirervta,OJ,10.85,15.0,708.0
Bond-997,Sbirervta,OJ,11.31,15.0,629.9
Bond-998,TMT,OJ,1.02,15.0,614.4
Bond-999,TMT,OJ,10.31,15.0,747.0
Bond-1000,Rrny_Efgngr,OU,6.09,9.0,250.2
Bond-1001,Rrny_Efgngr,OU,3.52,9.0,192.4
Bond-1002,Rrny_Efgngr,OU,2.3,9.0,169.9
Bond-1003,TMT,OU,4.02,11.0,311.5
Bond-1004,Ugvyvgvrf,OU,13.23,8.0,281.6
Bond-1005,Ugvyvgvrf,OU,3.15,14.0,628.8
Bond-1006,Fvanapvny,MH,5.86,11.0,405.3
Bond-1007,Fvanapvny,MH,3.78,13.0,648.2
Bond-1008,Rrny_Efgngr,MH,2.59,10.0,483.4
Bond-1009,Rrny_Efgngr,MH,6.77,8.0,241.5
Bond-1010,Fvanapvny,MC,2.11,15.0,528.5
Bond-1011,Iaqhfgevny,MC,4.46,14.0,792.8
Bond-1012,Sbirervta,MC,2.3,13.0,283.0
Bond-1013,Sbirervta,MC,2.97,13.0,320.1
Bond-1014,Sbirervta,MC,3.81,13.0,355.4
Bond-1015,Sbirervta,MC,4.45,13.0,410.3
Bond-1016,Sbirervta,MC,5.22,13.0,419.3
Bond-1017,Sbirervta,MC,6.18,13.0,431.1
Bond-1018,Sbirervta,MC,7.46,13.0,414.4
Bond-1019,Sbirervta,MC,11.38,13.0,553.4
Bond-1020,Sbirervta,MC,11.9,13.0,553.0
Bond-1021,Sbirervta,MC,8.96,13.0,423.3
Bond-1022,Sbirervta,MC,12.65,13.0,550.6
Bond-1023,Sbirervta,MC,14.44,13.0,536.6
Bond-1024,Sbirervta,MC,12.78,13.0,546.3
Bond-1025,Sbirervta,MC,4.35,13.0,451.5
Bond-1026,Tenafcbeg,MC,4.85,14.0,792.8
Bond-1027,Ugvyvgvrf,MC,3.01,13.0,700.1
Bond-1028,Tenafcbeg,HO,4.94,17.0,1406.4
Bond-1029,Sbirervta,HW,1.26,15.0,381.4
Bond-1030,Sbirervta,HW,2.21,15.0,402.4
Bond-1031,Sbirervta,HW,3.48,15.0,517.0
Bond-1032,Sbirervta,HW,3.05,15.0,464.2
Bond-1033,Sbirervta,HW,4.0,15.0,489.2
Bond-1034,Sbirervta,HW,4.96,15.0,608.9
Bond-1035,Sbirervta,HW,5.98,15.0,614.6
Bond-1036,Sbirervta,HW,5.72,15.0,627.7
Bond-1037,Sbirervta,HW,6.14,15.0,663.0
Bond-1038,Sbirervta,HW,10.05,15.0,662.4
Bond-1039,Sbirervta,HW,10.08,15.0,793.1
Bond-1040,Sbirervta,HW,10.47,15.0,775.1
Bond-1041,Sbirervta,HW,10.2,15.0,807.3
Bond-1042,Sbirervta,HW,3.21,15.0,473.0
Bond-1043,Sbirervta,HW,4.8,15.0,578.8
Bond-1044,Sbirervta,HW,7.38,15.0,723.3
Bond-1045,Sbirervta,HW,6.73,15.0,714.9
Bond-1046,Sbirervta,HW,10.02,15.0,810.1
Bond-1047,Sbirervta,HK,3.54,15.0,622.1
Bond-1048,Sbirervta,WB,2.73,18.0,835.3
Bond-1049,Sbirervta,WB,3.82,18.0,818.9
Bond-1050,Dvirefvsvrq,WA,8.27,7.0,123.0
Bond-1051,Dvirefvsvrq,WA,18.78,7.0,181.5
Bond-1052,Dvirefvsvrq,WH,3.02,15.0,711.4
Bond-1053,Fvanapvny,WH,2.56,13.0,409.2
Bond-1054,Fvanapvny,WH,3.26,13.0,487.3
Bond-1055,Tenafcbeg,WH,1.63,14.0,448.0
Bond-1056,Ovy_naq_Gnf,WE,4.2,16.0,958.2
Bond-1057,Ovy_naq_Gnf,WE,1.08,18.0,5828.0
Bond-1058,Ovy_naq_Gnf,WE,3.08,18.0,2853.4
Bond-1059,Sbirervta,WE,3.49,16.0,781.5
Bond-1060,Sbirervta,WE,4.27,16.0,868.5
Bond-1061,Sbirervta,WE,5.37,16.0,898.9
Bond-1062,Sbirervta,WE,5.83,14.0,679.5
Bond-1063,Sbirervta,WE,6.42,16.0,945.5
Bond-1064,Sbirervta,WE,9.01,16.0,950.0
Bond-1065,Sbirervta,WE,9.25,16.0,957.9
Bond-1066,Cbafhzre,WK,1.26,12.0,416.2
Bond-1067,Fvanapvny,WK,1.92,12.0,344.7
Bond-1068,Sbirervta,WK,1.58,13.0,222.7
Bond-1069,Sbirervta,WK,4.86,13.0,272.0
Bond-1070,Sbirervta,WK,6.2,13.0,277.0
Bond-1071,Sbirervta,WK,6.97,13.0,282.5
Bond-1072,Sbirervta,WK,5.73,13.0,272.6
Bond-1073,Sbirervta,WK,14.41,13.0,386.1
Bond-1074,Sbirervta,WK,8.96,13.0,380.4
Bond-1075,Ugvyvgvrf,WK,2.33,13.0,456.8
Bond-1076,Cbafhzre,ET,7.85,7.0,187.6
Bond-1077,Cbafhzre,ET,2.18,7.0,160.6
Bond-1078,Cbafhzre,ET,13.68,12.0,638.9
Bond-1079,Cbafhzre,ET,1.89,13.0,449.8
Bond-1080,Cbafhzre,ET,4.14,13.0,531.1
Bond-1081,Cbafhzre,ET,7.04,12.0,481.6
Bond-1082,Dvirefvsvrq,ET,2.41,7.0,84.1
Bond-1083,Dvirefvsvrq,ET,7.73,7.0,122.3
Bond-1084,Dvirefvsvrq,ET,5.48,7.0,99.9
Bond-1085,Dvirefvsvrq,ET,1.46,7.0,77.4
Bond-1086,Dvirefvsvrq,ET,5.77,7.0,129.2
Bond-1087,Dvirefvsvrq,ET,3.22,7.0,93.3
Bond-1088,Dvirefvsvrq,ET,6.29,7.0,124.4
Bond-1089,Dvirefvsvrq,ET,2.01,7.0,78.8
Bond-1090,Dvirefvsvrq,ET,18.74,7.0,177.4
Bond-1091,Dvirefvsvrq,ET,7.13,7.0,126.6
Bond-1092,Dvirefvsvrq,ET,1.64,7.0,72.0
Bond-1093,Dvirefvsvrq,ET,3.77,7.0,90.1
Bond-1094,Dvirefvsvrq,ET,1.24,7.0,71.3
Bond-1095,Dvirefvsvrq,ET,1.53,9.0,262.7
Bond-1096,Dvirefvsvrq,ET,9.35,7.0,150.5
Bond-1097,Dvirefvsvrq,ET,5.59,7.0,133.0
Bond-1098,Dvirefvsvrq,ET,5.59,7.0,137.9
Bond-1099,Fvanapvny,ET,3.93,6.0,102.0
Bond-1100,Fvanapvny,ET,14.48,7.0,201.3
Bond-1101,Fvanapvny,ET,7.12,6.0,131.2
Bond-1102,Fvanapvny,ET,6.29,6.0,136.2
Bond-1103,Fvanapvny,ET,2.36,6.0,85.2
Bond-1104,Fvanapvny,ET,7.92,6.0,132.4
Bond-1105,Fvanapvny,ET,16.19,6.0,188.9
Bond-1106,Fvanapvny,ET,15.26,6.0,193.6
Bond-1107,Fvanapvny,ET,4.18,10.0,286.6
Bond-1108,Fvanapvny,ET,1.04,10.0,242.3
Bond-1109,Fvanapvny,ET,1.51,12.0,485.5
Bond-1110,Fvanapvny,ET,3.49,12.0,545.5
Bond-1111,Fvanapvny,ET,2.71,9.0,312.2
Bond-1112,Fvanapvny,ET,1.73,11.0,358.6
Bond-1113,Fvanapvny,ET,3.31,12.0,582.4
Bond-1114,Fvanapvny,ET,3.14,10.0,254.8
Bond-1115,Fvanapvny,ET,2.72,12.0,379.7
Bond-1116,Fvanapvny,ET,3.61,10.0,277.1
Bond-1117,Fvanapvny,ET,3.54,9.0,182.2
Bond-1118,Fvanapvny,ET,1.55,12.0,525.5
Bond-1119,Fvanapvny,ET,3.02,8.0,243.1
Bond-1120,Iaqhfgevny,ET,3.53,9.0,192.6
Bond-1121,Rrny_Efgngr,ET,3.41,8.0,166.9
Bond-1122,Rrny_Efgngr,ET,1.59,6.0,112.2
Bond-1123,Rrny_Efgngr,ET,4.46,6.0,133.8
Bond-1124,Rrny_Efgngr,ET,3.05,6.0,136.3
Bond-1125,Rrny_Efgngr,ET,7.29,6.0,169.8
Bond-1126,Rrny_Efgngr,ET,5.33,6.0,117.2
Bond-1127,Rrny_Efgngr,ET,3.66,6.0,127.3
Bond-1128,Rrny_Efgngr,ET,6.0,10.0,283.1
Bond-1129,Rrny_Efgngr,ET,1.88,10.0,179.0
Bond-1130,Rrny_Efgngr,ET,6.58,10.0,292.6
Bond-1131,Rrny_Efgngr,ET,1.85,12.0,669.0
Bond-1132,Rrny_Efgngr,ET,8.18,5.0,152.3
Bond-1133,Rrny_Efgngr,ET,8.13,5.0,154.2
Bond-1134,Rrny_Efgngr,ET,7.26,5.0,151.6
Bond-1135,Rrny_Efgngr,ET,2.18,6.0,114.9
Bond-1136,Rrny_Efgngr,ET,1.33,6.0,107.0
Bond-1137,Rrny_Efgngr,ET,6.39,6.0,187.7
Bond-1138,Rrny_Efgngr,ET,4.8,6.0,145.3
Bond-1139,Rrny_Efgngr,ET,1.64,6.0,119.8
Bond-1140,Rrny_Efgngr,ET,3.53,7.0,144.7
Bond-1141,Rrny_Efgngr,ET,4.54,7.0,146.6
Bond-1142,Rrny_Efgngr,ET,1.36,7.0,121.9
Bond-1143,Rrny_Efgngr,ET,2.79,7.0,131.8
Bond-1144,Rrny_Efgngr,ET,3.76,6.0,137.9
Bond-1145,Rrny_Efgngr,ET,6.43,6.0,169.8
Bond-1146,Sbirervta,ET,5.83,3.0,101.1
Bond-1147,Sbirervta,ET,3.48,3.0,65.7
Bond-1148,TMT,ET,2.94,8.0,55.2
Bond-1149,TMT,ET,7.38,8.0,101.7
Bond-1150,TMT,ET,4.17,9.0,141.6
Bond-1151,TMT,ET,5.29,9.0,141.1
Bond-1152,TMT,ET,2.33,9.0,144.0
Bond-1153,TMT,ET,1.08,12.0,382.0
Bond-1154,Tenafcbeg,ET,7.33,2.0,126.9
Bond-1155,Tenafcbeg,ET,1.89,8.0,122.3
Bond-1156,Tenafcbeg,ET,5.61,3.0,86.2
Bond-1157,Ugvyvgvrf,ET,6.11,5.0,138.0
Bond-1158,Ugvyvgvrf,ET,2.45,5.0,109.8
Bond-1159,Ugvyvgvrf,ET,4.24,5.0,120.6
Bond-1160,Ugvyvgvrf,ET,6.25,5.0,136.5
Bond-1161,Ugvyvgvrf,ET,1.79,8.0,354.0
Bond-1162,Ugvyvgvrf,ET,3.08,8.0,299.2
Bond-1163,Ugvyvgvrf,ET,5.12,7.0,115.9
Bond-1164,Sbirervta,ES,5.17,14.0,414.0
Bond-1165,Sbirervta,ES,2.25,14.0,288.5
Bond-1166,Sbirervta,EJ,2.31,11.0,88.7
Bond-1167,Sbirervta,EJ,3.03,11.0,83.3
Bond-1168,Ugvyvgvrf,EJ,1.91,12.0,134.6
Bond-1169,Sbirervta,EZ,2.26,10.0,65.6
Bond-1170,Sbirervta,EZ,2.87,10.0,68.5
Bond-1171,Sbirervta,EZ,3.22,10.0,77.8
Bond-1172,Sbirervta,EZ,13.0,10.0,166.4
Bond-1173,Fvanapvny,XM,2.62,10.0,165.1
Bond-1174,Fvanapvny,XM,3.27,10.0,182.0
Bond-1175,Fvanapvny,XM,3.23,9.0,166.5
Bond-1176,Fvanapvny,XM,3.25,10.0,190.4
Bond-1177,Fvanapvny,XM,4.11,10.0,202.8
Bond-1178,Iasenfgehpgher,XM,2.41,10.0,172.6
Bond-1179,Iasenfgehpgher,XM,3.66,10.0,198.1
Bond-1180,Mrgnyf_naq_Mvavat,XM,1.17,13.0,2160.2
Bond-1181,Mrgnyf_naq_Mvavat,XM,1.08,10.0,95.3
Bond-1182,Mrgnyf_naq_Mvavat,XM,2.83,10.0,180.2
Bond-1183,Mrgnyf_naq_Mvavat,XM,6.38,10.0,283.9
Bond-1184,Mrgnyf_naq_Mvavat,XM,14.03,10.0,385.4
Bond-1185,Mrgnyf_naq_Mvavat,XM,3.44,13.0,846.9
Bond-1186,Ovy_naq_Gnf,XM,3.63,14.0,751.9
Bond-1187,Ovy_naq_Gnf,XM,4.37,14.0,785.5
Bond-1188,Ovy_naq_Gnf,XM,4.93,14.0,871.5
Bond-1189,Ovy_naq_Gnf,XM,1.51,9.0,92.5
Bond-1190,Ovy_naq_Gnf,XM,2.47,9.0,122.7
Bond-1191,Ovy_naq_Gnf,XM,7.83,9.0,204.3
Bond-1192,Ovy_naq_Gnf,XM,7.53,9.0,208.2
Bond-1193,Ovy_naq_Gnf,XM,16.59,9.0,309.9
Bond-1194,Ovy_naq_Gnf,XM,16.12,9.0,319.1
Bond-1195,Ovy_naq_Gnf,XM,12.28,9.0,341.2
Bond-1196,Ovy_naq_Gnf,XM,12.77,9.0,340.5
Bond-1197,Ovy_naq_Gnf,XM,13.34,9.0,339.4
Bond-1198,Ovy_naq_Gnf,XM,13.32,9.0,340.8
Bond-1199,Ovy_naq_Gnf,XM,14.58,9.0,337.9
Bond-1200,Ovy_naq_Gnf,XM,3.16,14.0,711.8
Bond-1201,Rrny_Efgngr,XM,2.92,16.0,1737.9
Bond-1202,Rrny_Efgngr,XM,2.47,16.0,1408.1
Bond-1203,Rrny_Efgngr,XM,4.51,16.0,1117.1
Bond-1204,Rrny_Efgngr,XM,3.41,16.0,1134.0
Bond-1205,Sbirervta,XM,2.05,9.0,75.0
Bond-1206,Sbirervta,XM,1.46,9.0,65.1
Bond-1207,Sbirervta,XM,2.31,9.0,85.7
Bond-1208,Sbirervta,XM,3.65,9.0,95.1
Bond-1209,Sbirervta,XM,4.21,9.0,110.0
Bond-1210,Sbirervta,XM,4.93,9.0,128.7
Bond-1211,Sbirervta,XM,5.75,9.0,160.3
Bond-1212,Sbirervta,XM,6.39,9.0,176.5
Bond-1213,Sbirervta,XM,3.62,9.0,95.4
Bond-1214,Sbirervta,XM,7.08,9.0,180.4
Bond-1215,Sbirervta,XM,1.5,9.0,77.4
Bond-1216,Sbirervta,XM,1.24,9.0,57.1
Bond-1217,Sbirervta,XM,2.41,9.0,85.4
Bond-1218,Sbirervta,XM,2.19,9.0,79.9
Bond-1219,Sbirervta,XM,2.78,9.0,82.3
Bond-1220,Sbirervta,XM,3.01,9.0,87.4
Bond-1221,Sbirervta,XM,3.13,9.0,86.4
Bond-1222,Sbirervta,XM,3.94,9.0,99.8
Bond-1223,Sbirervta,XM,4.69,9.0,116.5
Bond-1224,Sbirervta,XM,5.51,9.0,141.7
Bond-1225,Sbirervta,XM,6.0,9.0,138.8
Bond-1226,Sbirervta,XM,6.42,9.0,157.5
Bond-1227,Sbirervta,XM,6.48,9.0,155.7
Bond-1228,Sbirervta,XM,7.01,9.0,169.8
Bond-1229,Sbirervta,XM,7.77,9.0,158.9
Bond-1230,Sbirervta,XM,9.72,9.0,253.0
Bond-1231,Sbirervta,XM,11.02,9.0,249.4
Bond-1232,Sbirervta,XM,11.02,9.0,261.6
Bond-1233,Sbirervta,XM,13.69,9.0,249.2
Bond-1234,Sbirervta,XM,14.4,9.0,251.6
Bond-1235,Sbirervta,XM,13.72,9.0,260.9
Bond-1236,Sbirervta,XM,14.92,9.0,252.9
Bond-1237,Sbirervta,XM,14.82,9.0,254.9
Bond-1238,Sbirervta,XM,15.59,9.0,249.8
Bond-1239,Sbirervta,XM,16.14,9.0,246.2
Bond-1240,Sbirervta,XM,16.61,9.0,244.2
Bond-1241,Sbirervta,XM,16.3,9.0,250.3
Bond-1242,TMT,XM,0.35,12.0,275.9
Bond-1243,Tenafcbeg,XM,4.13,10.0,191.6
Bond-1244,Tenafcbeg,XM,14.1,10.0,336.7
Bond-1245,Ugvyvgvrf,XM,3.56,12.0,383.8
Bond-1246,Ugvyvgvrf,XM,6.62,10.0,368.6
Bond-1247,Ugvyvgvrf,XM,5.58,10.0,363.4
Bond-1248,Ugvyvgvrf,XM,9.7,10.0,445.9
Bond-1249,Ugvyvgvrf,XM,9.7,10.0,445.9
Bond-1250,Ugvyvgvrf,XM,3.27,10.0,205.9
Bond-1251,Ugvyvgvrf,XM,1.09,9.0,91.3
Bond-1252,Ugvyvgvrf,XM,5.74,9.0,223.5
Bond-1253,Ugvyvgvrf,XM,6.27,9.0,236.1
Bond-1254,Ugvyvgvrf,XM,6.8,9.0,237.4
Bond-1255,Ugvyvgvrf,XM,8.16,9.0,225.6
Bond-1256,Ugvyvgvrf,XM,7.96,9.0,227.6
Bond-1257,Ugvyvgvrf,XM,7.42,9.0,232.2
Bond-1258,Ugvyvgvrf,XM,17.0,9.0,295.8
Bond-1259,Ugvyvgvrf,XM,13.4,9.0,322.7
Bond-1260,Ugvyvgvrf,XM,16.64,9.0,308.0
Bond-1261,Ugvyvgvrf,XM,14.89,9.0,328.3
Bond-1262,Ugvyvgvrf,XM,15.96,9.0,319.8
Bond-1263,Ugvyvgvrf,XM,14.66,9.0,335.5
Bond-1264,Ugvyvgvrf,XM,14.95,9.0,332.8
Bond-1265,Ugvyvgvrf,XM,4.06,13.0,413.3
Bond-1266,TMT,XH,2.62,15.0,547.8
Bond-1267,Cbafhzre,XY,2.64,13.0,439.3
Bond-1268,Cbafhzre,XY,2.09,13.0,429.1
Bond-1269,Cbafhzre,XY,5.33,13.0,508.9
Bond-1270,Cbafhzre,XY,1.06,13.0,348.6
Bond-1271,Cbafhzre,XY,1.06,13.0,350.5
Bond-1272,Cbafhzre,XY,14.8,13.0,432.2
Bond-1273,Cbafhzre,XY,9.75,13.0,529.2
Bond-1274,Cbafhzre,XY,2.88,13.0,500.3
Bond-1275,Cbafhzre,XY,5.63,13.0,548.3
Bond-1276,Fvanapvny,XY,4.82,9.0,271.8
Bond-1277,Iaqhfgevny,XY,11.04,10.0,324.3
Bond-1278,Ovy_naq_Gnf,XY,2.93,10.0,434.2
Bond-1279,Ovy_naq_Gnf,XY,4.47,10.0,468.7
Bond-1280,Sbirervta,XY,1.69,5.0,16.3
Bond-1281,Sbirervta,XY,2.63,5.0,22.4
Bond-1282,Sbirervta,XY,5.08,5.0,54.0
Bond-1283,Sbirervta,XY,6.53,5.0,71.4
Bond-1284,Sbirervta,XY,15.12,5.0,166.5
Bond-1285,Sbirervta,XY,17.55,5.0,168.6
Bond-1286,TMT,XY,5.74,17.0,671.8
Bond-1287,Ugvyvgvrf,XY,6.74,9.0,173.0
Bond-1288,Ugvyvgvrf,XY,3.7,9.0,137.0
Bond-1289,Ugvyvgvrf,XY,2.48,9.0,111.5
Bond-1290,Ugvyvgvrf,XY,5.73,9.0,199.4
Bond-1291,Fvanapvny,XS,1.78,11.0,238.0
Bond-1292,Fvanapvny,XS,3.21,11.0,254.3
Bond-1293,Fvanapvny,XS,1.44,11.0,190.5
Bond-1294,Fvanapvny,XS,3.25,11.0,289.1
Bond-1295,Fvanapvny,XS,1.79,11.0,194.6
Bond-1296,Fvanapvny,XS,2.17,10.0,147.4
Bond-1297,Fvanapvny,XS,5.28,10.0,200.3
Bond-1298,Fvanapvny,XS,6.34,10.0,255.9
Bond-1299,Fvanapvny,XS,3.23,10.0,174.5
Bond-1300,Fvanapvny,XS,1.87,11.0,177.3
Bond-1301,Fvanapvny,XS,4.9,10.0,243.7
Bond-1302,Fvanapvny,XS,6.22,10.0,266.5
Bond-1303,Fvanapvny,XS,1.43,16.0,1679.4
Bond-1304,Fvanapvny,XS,1.45,11.0,369.4
Bond-1305,Fvanapvny,XS,7.45,10.0,362.1
Bond-1306,Fvanapvny,XS,7.8,10.0,362.2
Bond-1307,Fvanapvny,XS,3.69,10.0,252.1
Bond-1308,Fvanapvny,XS,3.42,10.0,260.7
Bond-1309,Fvanapvny,XS,6.16,10.0,340.6
Bond-1310,Fvanapvny,XS,7.07,10.0,369.5
Bond-1311,Fvanapvny,XS,6.41,10.0,370.1
Bond-1312,Fvanapvny,XS,6.41,10.0,372.0
Bond-1313,Fvanapvny,XS,2.83,10.0,231.8
Bond-1314,Fvanapvny,XS,3.54,10.0,267.4
Bond-1315,Fvanapvny,XS,5.85,10.0,339.6
Bond-1316,Fvanapvny,XS,6.29,10.0,360.0
Bond-1317,Fvanapvny,XS,1.28,10.0,155.3
Bond-1318,Fvanapvny,XS,1.27,10.0,152.6
Bond-1319,Fvanapvny,XS,2.81,10.0,171.7
Bond-1320,Fvanapvny,XS,3.07,10.0,191.9
Bond-1321,Fvanapvny,XS,3.21,10.0,193.8
Bond-1322,Fvanapvny,XS,1.3,13.0,850.3
Bond-1323,Fvanapvny,XS,1.84,13.0,848.6
Bond-1324,Fvanapvny,XS,2.18,16.0,591.1
Bond-1325,Mrgnyf_naq_Mvavat,XS,1.42,13.0,454.9
Bond-1326,Mrgnyf_naq_Mvavat,XS,3.09,13.0,485.6
Bond-1327,Mrgnyf_naq_Mvavat,XS,3.37,14.0,476.2
Bond-1328,Mrgnyf_naq_Mvavat,XS,2.59,14.0,450.4
Bond-1329,Mrgnyf_naq_Mvavat,XS,5.87,14.0,544.4
Bond-1330,Mrgnyf_naq_Mvavat,XS,6.28,10.0,349.2
Bond-1331,Mrgnyf_naq_Mvavat,XS,3.76,16.0,1569.4
Bond-1332,Mrgnyf_naq_Mvavat,XS,3.1,16.0,1668.2
Bond-1333,Mrgnyf_naq_Mvavat,XS,1.57,16.0,1898.3
Bond-1334,Mrgnyf_naq_Mvavat,XS,2.17,16.0,1812.6
Bond-1335,Mrgnyf_naq_Mvavat,XS,2.05,16.0,1833.2
Bond-1336,Ovy_naq_Gnf,XS,4.14,10.0,250.9
Bond-1337,Ovy_naq_Gnf,XS,5.45,10.0,303.5
Bond-1338,Ovy_naq_Gnf,XS,1.27,10.0,181.3
Bond-1339,Ovy_naq_Gnf,XS,1.94,10.0,197.1
Bond-1340,Ovy_naq_Gnf,XS,5.39,13.0,459.4
Bond-1341,Ovy_naq_Gnf,XS,5.85,10.0,327.2
Bond-1342,Ovy_naq_Gnf,XS,3.02,10.0,235.0
Bond-1343,Ovy_naq_Gnf,XS,2.61,10.0,200.1
Bond-1344,Ovy_naq_Gnf,XS,3.17,10.0,235.6
Bond-1345,Ovy_naq_Gnf,XS,5.63,10.0,332.5
Bond-1346,Ovy_naq_Gnf,XS,6.76,10.0,349.9
Bond-1347,Ovy_naq_Gnf,XS,2.44,10.0,196.5
Bond-1348,Ovy_naq_Gnf,XS,1.29,10.0,186.0
Bond-1349,Ovy_naq_Gnf,XS,5.19,10.0,253.3
Bond-1350,Ovy_naq_Gnf,XS,3.45,10.0,223.1
Bond-1351,Ovy_naq_Gnf,XS,6.27,9.0,165.5
Bond-1352,Ovy_naq_Gnf,XS,3.96,9.0,144.7
Bond-1353,Ovy_naq_Gnf,XS,15.23,9.0,242.0
Bond-1354,TMT,XS,4.24,10.0,905.1
Bond-1355,TMT,XS,2.3,11.0,222.6
Bond-1356,TMT,XS,3.26,11.0,268.8
Bond-1357,TMT,XS,4.19,11.0,269.7
Bond-1358,TMT,XS,3.66,12.0,539.9
Bond-1359,Tenafcbeg,XS,1.25,10.0,203.3
Bond-1360,Tenafcbeg,XS,5.89,10.0,351.7
Bond-1361,Tenafcbeg,XS,3.54,10.0,257.4
Bond-1362,Tenafcbeg,XS,7.15,10.0,364.6
Bond-1363,Tenafcbeg,XS,6.43,13.0,590.4
Bond-1364,Tenafcbeg,XS,4.9,13.0,551.1
Bond-1365,Tenafcbeg,XS,5.82,12.0,567.4
Bond-1366,Tenafcbeg,XS,3.08,12.0,565.3
Bond-1367,Tenafcbeg,XS,3.28,10.0,184.5
Bond-1368,Tenafcbeg,XS,6.24,10.0,220.4
Bond-1369,Ugvyvgvrf,XS,3.63,11.0,391.3
Bond-1370,Ugvyvgvrf,XS,5.16,10.0,288.0
Bond-1371,Ugvyvgvrf,XS,1.7,13.0,391.3
Bond-1372,Ugvyvgvrf,XS,2.57,12.0,421.8
Bond-1373,Ugvyvgvrf,XS,1.76,13.0,461.5
Bond-1374,Ugvyvgvrf,XS,2.15,12.0,441.6
Bond-1375,Ugvyvgvrf,XS,4.13,12.0,469.5
Bond-1376,Ugvyvgvrf,XS,1.76,11.0,449.0
Bond-1377,Ugvyvgvrf,XS,1.28,13.0,555.2
Bond-1378,Ugvyvgvrf,XS,3.22,10.0,227.5
Bond-1379,Ugvyvgvrf,XS,6.35,10.0,291.4
Bond-1380,Ugvyvgvrf,XS,4.81,10.0,251.2
Bond-1381,Ugvyvgvrf,XS,1.87,10.0,180.1
Bond-1382,Ugvyvgvrf,XS,3.75,10.0,228.4
Bond-1383,Ugvyvgvrf,XS,2.18,10.0,196.4
Bond-1384,Ugvyvgvrf,XS,1.62,13.0,500.8
Bond-1385,Ugvyvgvrf,XS,2.85,13.0,517.9
Bond-1386,Sbirervta,XF,2.18,17.0,852.1
Bond-1387,Ugvyvgvrf,XK,1.6,8.0,50.4
Bond-1388,Ugvyvgvrf,XK,5.89,8.0,130.9
Bond-1389,Ugvyvgvrf,XK,2.79,8.0,76.3
Bond-1390,Ugvyvgvrf,XK,16.08,8.0,238.1
Bond-1391,Ugvyvgvrf,XK,4.48,8.0,97.0
Bond-1392,Ugvyvgvrf,XK,7.22,8.0,134.5
Bond-1393,Sbirervta,RD,3.27,15.0,295.3
Bond-1394,Sbirervta,RD,5.25,15.0,380.5
Bond-1395,Sbirervta,RD,10.34,15.0,449.7
Bond-1396,Sbirervta,RD,12.17,15.0,488.6
Bond-1397,Sbirervta,RC,4.47,14.0,517.9
Bond-1398,Sbirervta,RC,5.2,14.0,524.3
Bond-1399,Sbirervta,RC,11.21,14.0,649.5
Bond-1400,Sbirervta,TH,3.2,14.0,603.9
Bond-1401,Sbirervta,TH,4.45,15.0,698.5
Bond-1402,Sbirervta,TH,5.6,15.0,699.9
Bond-1403,Sbirervta,TH,6.84,15.0,753.4
Bond-1404,Sbirervta,TH,10.44,15.0,772.8
Bond-1405,Fvanapvny,TJ,2.4,5.0,52.1
Bond-1406,Fvanapvny,TJ,1.03,5.0,45.3
Bond-1407,Fvanapvny,TJ,3.42,10.0,271.8
Bond-1408,Fvanapvny,TJ,7.02,8.0,176.7
Bond-1409,Fvanapvny,TJ,2.72,7.0,71.2
Bond-1410,Fvanapvny,TJ,1.54,9.0,162.9
Bond-1411,Fvanapvny,TJ,3.34,9.0,192.5
Bond-1412,Fvanapvny,TJ,1.06,9.0,155.2
Bond-1413,Fvanapvny,TJ,1.04,4.0,32.3
Bond-1414,Fvanapvny,TJ,1.45,4.0,44.1
Bond-1415,Fvanapvny,TJ,2.0,4.0,36.6
Bond-1416,Fvanapvny,TJ,1.29,4.0,41.2
Bond-1417,Fvanapvny,TJ,3.56,4.0,52.0
Bond-1418,Fvanapvny,TJ,3.08,4.0,54.7
Bond-1419,Fvanapvny,TJ,4.05,4.0,51.5
Bond-1420,Fvanapvny,TJ,4.7,4.0,48.4
Bond-1421,Fvanapvny,TJ,5.37,4.0,50.4
Bond-1422,Fvanapvny,TJ,5.24,4.0,52.6
Bond-1423,Fvanapvny,TJ,6.03,4.0,83.7
Bond-1424,Fvanapvny,TJ,1.12,4.0,35.6
Bond-1425,Fvanapvny,TJ,2.97,4.0,39.1
Bond-1426,Fvanapvny,TJ,2.36,8.0,315.2
Bond-1427,Fvanapvny,TJ,1.95,10.0,409.3
Bond-1428,Fvanapvny,TJ,2.32,8.0,99.9
Bond-1429,Fvanapvny,TJ,1.4,8.0,79.7
Bond-1430,Fvanapvny,TJ,1.86,8.0,83.4
Bond-1431,Fvanapvny,TJ,6.13,8.0,166.0
Bond-1432,Fvanapvny,TJ,1.75,11.0,254.3
Bond-1433,Fvanapvny,TJ,5.61,4.0,51.0
Bond-1434,Fvanapvny,TJ,1.09,4.0,33.9
Bond-1435,Fvanapvny,TJ,1.9,4.0,41.0
Bond-1436,Fvanapvny,TJ,2.39,4.0,41.5
Bond-1437,Fvanapvny,TJ,3.12,4.0,55.0
Bond-1438,Fvanapvny,TJ,4.6,4.0,50.4
Bond-1439,Fvanapvny,TJ,1.38,4.0,36.8
Bond-1440,Fvanapvny,TJ,4.89,4.0,54.7
Bond-1441,Fvanapvny,TJ,1.44,4.0,38.6
Bond-1442,Fvanapvny,TJ,3.21,4.0,53.3
Bond-1443,Fvanapvny,TJ,2.36,4.0,40.1
Bond-1444,Fvanapvny,TJ,1.03,6.0,43.1
Bond-1445,Fvanapvny,TJ,3.15,6.0,68.6
Bond-1446,Fvanapvny,TJ,1.3,6.0,48.5
Bond-1447,Fvanapvny,TJ,3.67,9.0,134.4
Bond-1448,Fvanapvny,TJ,3.69,9.0,133.9
Bond-1449,Fvanapvny,TJ,1.01,2.0,37.5
Bond-1450,Fvanapvny,TJ,2.0,2.0,42.9
Bond-1451,Fvanapvny,TJ,1.73,7.0,244.3
Bond-1452,Fvanapvny,TJ,1.74,6.0,45.2
Bond-1453,Fvanapvny,TJ,2.69,5.0,54.9
Bond-1454,Fvanapvny,TJ,4.02,9.0,182.4
Bond-1455,Fvanapvny,TJ,2.63,10.0,277.0
Bond-1456,Fvanapvny,TJ,4.0,5.0,90.9
Bond-1457,Fvanapvny,TJ,1.46,5.0,48.8
Bond-1458,Fvanapvny,TJ,7.22,8.0,178.0
Bond-1459,Fvanapvny,TJ,6.16,8.0,181.9
Bond-1460,Fvanapvny,TJ,4.97,8.0,145.3
Bond-1461,Fvanapvny,TJ,2.9,5.0,51.2
Bond-1462,Fvanapvny,TJ,1.14,8.0,138.2
Bond-1463,Fvanapvny,TJ,6.44,8.0,180.5
Bond-1464,Fvanapvny,TJ,5.56,4.0,65.7
Bond-1465,Fvanapvny,TJ,3.14,6.0,68.1
Bond-1466,Fvanapvny,TJ,3.26,9.0,151.0
Bond-1467,Fvanapvny,TJ,1.53,11.0,240.2
Bond-1468,Fvanapvny,TJ,6.56,9.0,193.2
Bond-1469,Iaqhfgevny,TJ,2.23,9.0,103.8
Bond-1470,Iaqhfgevny,TJ,5.51,8.0,172.0
Bond-1471,Iaqhfgevny,TJ,1.46,8.0,87.2
Bond-1472,Iaqhfgevny,TJ,3.47,8.0,144.2
Bond-1473,Iaqhfgevny,TJ,1.3,8.0,84.8
Bond-1474,Iaqhfgevny,TJ,1.66,8.0,88.5
Bond-1475,Iaqhfgevny,TJ,1.91,8.0,88.6
Bond-1476,Iaqhfgevny,TJ,3.1,8.0,141.8
Bond-1477,Iaqhfgevny,TJ,2.53,8.0,105.3
Bond-1478,Iaqhfgevny,TJ,2.44,8.0,93.2
Bond-1479,Iaqhfgevny,TJ,5.04,8.0,131.4
Bond-1480,Iaqhfgevny,TJ,6.2,8.0,174.8
Bond-1481,Iaqhfgevny,TJ,1.03,3.0,100.6
Bond-1482,Iaqhfgevny,TJ,1.09,3.0,66.6
Bond-1483,Iasenfgehpgher,TJ,1.03,3.0,36.2
Bond-1484,Mrgnyf_naq_Mvavat,TJ,1.51,6.0,80.2
Bond-1485,Mrgnyf_naq_Mvavat,TJ,3.31,6.0,112.3
Bond-1486,Mrgnyf_naq_Mvavat,TJ,2.39,6.0,91.0
Bond-1487,Mrgnyf_naq_Mvavat,TJ,1.6,3.0,36.3
Bond-1488,Mrgnyf_naq_Mvavat,TJ,2.48,3.0,46.1
Bond-1489,Mrgnyf_naq_Mvavat,TJ,3.75,8.0,99.6
Bond-1490,Mrgnyf_naq_Mvavat,TJ,7.3,8.0,160.6
Bond-1491,Mrgnyf_naq_Mvavat,TJ,2.68,8.0,104.7
Bond-1492,Mrgnyf_naq_Mvavat,TJ,3.58,8.0,115.5
Bond-1493,Mrgnyf_naq_Mvavat,TJ,3.1,9.0,133.7
Bond-1494,Ovy_naq_Gnf,TJ,3.45,9.0,116.5
Bond-1495,Ovy_naq_Gnf,TJ,1.64,9.0,83.4
Bond-1496,Ovy_naq_Gnf,TJ,2.59,9.0,96.8
Bond-1497,Ovy_naq_Gnf,TJ,1.04,4.0,7.9
Bond-1498,Ovy_naq_Gnf,TJ,1.46,4.0,46.4
Bond-1499,Ovy_naq_Gnf,TJ,3.55,4.0,67.4
Bond-1500,Ovy_naq_Gnf,TJ,4.65,4.0,65.9
Bond-1501,Ovy_naq_Gnf,TJ,5.12,4.0,76.4
Bond-1502,Ovy_naq_Gnf,TJ,5.59,4.0,73.7
Bond-1503,Ovy_naq_Gnf,TJ,1.92,3.0,46.1
Bond-1504,Ovy_naq_Gnf,TJ,5.87,4.0,114.5
Bond-1505,Ovy_naq_Gnf,TJ,2.44,3.0,52.0
Bond-1506,Ovy_naq_Gnf,TJ,3.11,4.0,68.6
Bond-1507,Ovy_naq_Gnf,TJ,2.62,10.0,152.3
Bond-1508,Sbirervta,TJ,3.57,4.0,38.9
Bond-1509,Sbirervta,TJ,7.85,4.0,50.2
Bond-1510,Sbirervta,TJ,2.8,4.0,30.7
Bond-1511,Sbirervta,TJ,4.47,4.0,39.3
Bond-1512,Sbirervta,TJ,5.79,4.0,63.0
Bond-1513,Sbirervta,TJ,7.07,4.0,56.5
Bond-1514,Sbirervta,TJ,18.83,4.0,100.6
Bond-1515,Sbirervta,TJ,16.41,4.0,101.6
Bond-1516,TMT,TJ,2.72,7.0,88.5
Bond-1517,TMT,TJ,5.39,7.0,80.6
Bond-1518,TMT,TJ,1.8,7.0,59.4
Bond-1519,TMT,TJ,2.4,7.0,59.6
Bond-1520,TMT,TJ,5.66,7.0,119.7
Bond-1521,Tenafcbeg,TJ,1.88,3.0,80.2
Bond-1522,Ugvyvgvrf,TJ,1.67,3.0,40.7
Bond-1523,Ugvyvgvrf,TJ,2.66,3.0,49.7
Bond-1524,Ugvyvgvrf,TJ,1.92,4.0,33.8
Bond-1525,Ugvyvgvrf,TJ,4.36,4.0,68.1
Bond-1526,Ugvyvgvrf,TJ,6.15,3.0,95.5
Bond-1527,Ugvyvgvrf,TJ,2.68,4.0,48.7
Bond-1528,Ugvyvgvrf,TJ,1.28,3.0,43.3
Bond-1529,Ugvyvgvrf,TJ,3.55,4.0,63.3
Bond-1530,Ugvyvgvrf,TJ,5.43,4.0,61.3
Bond-1531,Ugvyvgvrf,TJ,1.76,4.0,41.1
Bond-1532,Ugvyvgvrf,TJ,7.78,4.0,95.2
Bond-1533,Ugvyvgvrf,TJ,5.23,4.0,60.8
Bond-1534,Ugvyvgvrf,TJ,4.44,4.0,63.2
Bond-1535,Ugvyvgvrf,TJ,6.14,4.0,93.1
Bond-1536,Ugvyvgvrf,TJ,3.17,4.0,58.1
Bond-1537,Ugvyvgvrf,TJ,13.72,4.0,170.5
Bond-1538,Ugvyvgvrf,TJ,1.77,3.0,41.0
Bond-1539,Ugvyvgvrf,TJ,2.54,3.0,47.9
Bond-1540,Fvanapvny,TG,1.45,6.0,104.9
Bond-1541,Fvanapvny,TG,2.65,13.0,613.2
Bond-1542,Fvanapvny,TG,2.3,11.0,327.1
Bond-1543,Fvanapvny,TG,5.46,11.0,433.8
Bond-1544,Fvanapvny,TG,1.61,5.0,93.2
Bond-1545,Fvanapvny,TG,4.48,10.0,433.7
Bond-1546,Ovy_naq_Gnf,TG,3.16,9.0,176.5
Bond-1547,Ovy_naq_Gnf,TG,1.38,9.0,183.9
Bond-1548,Ovy_naq_Gnf,TG,5.27,9.0,290.8
Bond-1549,Ovy_naq_Gnf,TG,4.07,9.0,283.0
Bond-1550,Ovy_naq_Gnf,TG,7.4,9.0,312.0
Bond-1551,Sbirervta,TG,1.44,4.0,55.5
Bond-1552,Sbirervta,TG,5.84,4.0,99.4
Bond-1553,Fvanapvny,TU,2.07,11.0,159.2
Bond-1554,Ovy_naq_Gnf,TU,12.52,11.0,351.0
Bond-1555,Ovy_naq_Gnf,TU,1.48,11.0,110.5
Bond-1556,Ovy_naq_Gnf,TU,2.41,11.0,129.2
Bond-1557,Ovy_naq_Gnf,TU,4.05,10.0,207.4
Bond-1558,Ovy_naq_Gnf,TU,5.57,11.0,234.9
Bond-1559,Ovy_naq_Gnf,TU,7.5,10.0,262.0
Bond-1560,Ovy_naq_Gnf,TU,14.31,11.0,353.9
Bond-1561,Ovy_naq_Gnf,TU,14.37,10.0,361.4
Bond-1562,Ovy_naq_Gnf,TU,6.04,10.0,256.1
Bond-1563,Ovy_naq_Gnf,TU,4.31,9.0,219.2
Bond-1564,Ovy_naq_Gnf,TU,5.01,9.0,239.1
Bond-1565,Ovy_naq_Gnf,TU,7.99,9.0,245.5
Bond-1566,Sbirervta,TU,3.67,10.0,221.1
Bond-1567,Sbirervta,TU,4.29,10.0,134.3
Bond-1568,Sbirervta,TU,15.51,10.0,165.3
Bond-1569,Sbirervta,TU,14.68,10.0,223.3
Bond-1570,TMT,YO,2.25,17.0,811.6
Bond-1571,Sbirervta,YT,1.57,17.0,1903.8
Bond-1572,Sbirervta,YT,1.13,17.0,2118.8
Bond-1573,Sbirervta,YT,2.1,17.0,1829.4
Bond-1574,Sbirervta,YT,3.63,17.0,1467.7
Bond-1575,Sbirervta,YT,3.78,17.0,1471.5
Bond-1576,Sbirervta,YT,4.28,17.0,1406.9
Bond-1577,Sbirervta,YT,4.75,17.0,1311.3
Bond-1578,Sbirervta,YT,5.07,17.0,1304.6
Bond-1579,Sbirervta,YT,3.0,17.0,1595.9
Bond-1580,Sbirervta,YT,2.82,17.0,1683.9
Bond-1581,Sbirervta,YT,5.92,17.0,1301.1
Bond-1582,Sbirervta,YT,5.43,17.0,1357.8
Bond-1583,Cbafhzre,YK,2.8,11.0,248.6
Bond-1584,Sbirervta,YK,1.28,6.0,30.6
Bond-1585,Mrgnyf_naq_Mvavat,DB,3.17,11.0,274.6
Bond-1586,Mrgnyf_naq_Mvavat,DB,4.44,11.0,291.6
Bond-1587,Mrgnyf_naq_Mvavat,DB,12.66,11.0,396.0
Bond-1588,Sbirervta,DB,2.07,10.0,156.4
Bond-1589,Sbirervta,DB,13.62,10.0,288.4
Bond-1590,Cbafhzre,DM,2.69,16.0,1022.3
Bond-1591,Fvanapvny,DS,2.65,15.0,525.3
Bond-1592,Fvanapvny,DS,1.19,16.0,1150.3
Bond-1593,Mrgnyf_naq_Mvavat,DS,2.61,16.0,1863.1
Bond-1594,Sbirervta,DS,2.02,16.0,372.8
Bond-1595,Sbirervta,DS,2.34,16.0,410.0
Bond-1596,Sbirervta,DS,2.98,16.0,456.4
Bond-1597,Sbirervta,DS,4.75,16.0,457.2
Bond-1598,Cbafhzre,DC,2.38,13.0,386.3
Bond-1599,Cbafhzre,DC,3.17,13.0,464.3
Bond-1600,Cbafhzre,DC,2.45,12.0,407.4
Bond-1601,Cbafhzre,DC,3.15,12.0,455.8
Bond-1602,Cbafhzre,DC,3.36,12.0,431.7
Bond-1603,Cbafhzre,DC,2.59,10.0,174.6
Bond-1604,Cbafhzre,DC,6.26,10.0,306.7
Bond-1605,Cbafhzre,DC,4.16,10.0,262.6
Bond-1606,Cbafhzre,DC,2.13,14.0,567.4
Bond-1607,Cbafhzre,DC,3.58,14.0,499.0
Bond-1608,Cbafhzre,DC,5.71,14.0,549.7
Bond-1609,Cbafhzre,DC,7.11,14.0,496.6
Bond-1610,Fvanapvny,DC,3.71,8.0,206.7
Bond-1611,Cbafhzre,DI,1.28,9.0,70.6
Bond-1612,Cbafhzre,DI,2.33,11.0,361.6
Bond-1613,Cbafhzre,DI,3.47,9.0,111.6
Bond-1614,Cbafhzre,DI,17.43,9.0,258.5
Bond-1615,Cbafhzre,DI,14.74,9.0,265.5
Bond-1616,Cbafhzre,DI,15.83,9.0,263.4
Bond-1617,Cbafhzre,DI,2.49,7.0,97.8
Bond-1618,Cbafhzre,DI,14.95,7.0,205.7
Bond-1619,Cbafhzre,DI,3.54,9.0,155.5
Bond-1620,Cbafhzre,DI,4.19,9.0,181.1
Bond-1621,Cbafhzre,DI,8.01,7.0,115.9
Bond-1622,Cbafhzre,DI,14.7,7.0,202.4
Bond-1623,Cbafhzre,DI,3.69,9.0,253.2
Bond-1624,Cbafhzre,DI,5.25,9.0,277.9
Bond-1625,Cbafhzre,DI,6.26,10.0,327.9
Bond-1626,Cbafhzre,DI,4.72,10.0,239.7
Bond-1627,Cbafhzre,DI,6.14,10.0,271.4
Bond-1628,Dvirefvsvrq,DI,2.97,11.0,314.3
Bond-1629,Dvirefvsvrq,DI,12.16,11.0,487.9
Bond-1630,Dvirefvsvrq,DI,1.79,15.0,1845.3
Bond-1631,Dvirefvsvrq,DI,5.44,13.0,573.0
Bond-1632,Fvanapvny,DI,1.59,13.0,706.0
Bond-1633,Fvanapvny,DI,5.33,13.0,717.9
Bond-1634,Fvanapvny,DI,4.89,12.0,519.2
Bond-1635,Fvanapvny,DI,3.4,13.0,678.0
Bond-1636,Fvanapvny,DI,6.22,13.0,715.2
Bond-1637,Fvanapvny,DI,4.7,9.0,204.3
Bond-1638,Fvanapvny,DI,1.88,11.0,235.9
Bond-1639,Fvanapvny,DI,3.22,9.0,182.2
Bond-1640,Fvanapvny,DI,5.91,12.0,526.1
Bond-1641,Fvanapvny,DI,6.88,11.0,510.9
Bond-1642,Fvanapvny,DI,3.37,10.0,237.3
Bond-1643,Fvanapvny,DI,5.37,10.0,305.7
Bond-1644,Fvanapvny,DI,4.44,9.0,245.1
Bond-1645,Fvanapvny,DI,1.99,8.0,125.0
Bond-1646,Fvanapvny,DI,2.74,10.0,373.3
Bond-1647,Fvanapvny,DI,3.98,8.0,238.1
Bond-1648,Fvanapvny,DI,1.18,11.0,697.2
Bond-1649,Fvanapvny,DI,2.44,12.0,807.9
Bond-1650,Fvanapvny,DI,4.02,12.0,1019.2
Bond-1651,Fvanapvny,DI,2.79,15.0,1993.0
Bond-1652,Fvanapvny,DI,3.44,13.0,1220.4
Bond-1653,Fvanapvny,DI,2.55,13.0,1253.8
Bond-1654,Fvanapvny,DI,4.12,13.0,1170.4
Bond-1655,Fvanapvny,DI,5.0,13.0,1186.3
Bond-1656,Iaqhfgevny,DI,2.0,11.0,274.3
Bond-1657,Iaqhfgevny,DI,2.63,11.0,270.4
Bond-1658,Iaqhfgevny,DI,7.363817,11.0,377.260118
Bond-1659,Iaqhfgevny,DI,4.13,12.0,551.1
Bond-1660,Iaqhfgevny,DI,3.71,13.0,597.2
Bond-1661,Iaqhfgevny,DI,2.34,11.0,431.4
Bond-1662,Iaqhfgevny,DI,1.88,10.0,151.3
Bond-1663,Iaqhfgevny,DI,5.83,10.0,223.5
Bond-1664,Iaqhfgevny,DI,12.62,10.0,375.0
Bond-1665,Iaqhfgevny,DI,13.61,10.0,373.9
Bond-1666,Iaqhfgevny,DI,14.53,10.0,369.7
Bond-1667,Iaqhfgevny,DI,3.17,11.0,429.6
Bond-1668,Iaqhfgevny,DI,3.01,11.0,424.9
Bond-1669,Mrgnyf_naq_Mvavat,DI,2.84,9.0,148.5
Bond-1670,Mrgnyf_naq_Mvavat,DI,7.32,9.0,248.0
Bond-1671,Mrgnyf_naq_Mvavat,DI,15.85,9.0,354.1
Bond-1672,Mrgnyf_naq_Mvavat,DI,15.06,9.0,363.7
Bond-1673,Mrgnyf_naq_Mvavat,DI,2.01,9.0,79.1
Bond-1674,Mrgnyf_naq_Mvavat,DI,4.15,9.0,115.1
Bond-1675,Mrgnyf_naq_Mvavat,DI,9.97,9.0,261.5
Bond-1676,Mrgnyf_naq_Mvavat,DI,12.1,9.0,265.5
Bond-1677,Mrgnyf_naq_Mvavat,DI,13.9,9.0,251.5
Bond-1678,Mrgnyf_naq_Mvavat,DI,14.41,9.0,263.1
Bond-1679,Ovy_naq_Gnf,DI,6.26,14.0,766.7
Bond-1680,Ovy_naq_Gnf,DI,1.25,12.0,372.2
Bond-1681,Ovy_naq_Gnf,DI,1.38,12.0,400.2
Bond-1682,Ovy_naq_Gnf,DI,2.19,12.0,421.4
Bond-1683,Ovy_naq_Gnf,DI,2.74,12.0,473.6
Bond-1684,Ovy_naq_Gnf,DI,2.97,12.0,542.7
Bond-1685,Ovy_naq_Gnf,DI,3.8,12.0,577.5
Bond-1686,Ovy_naq_Gnf,DI,4.53,12.0,690.0
Bond-1687,Ovy_naq_Gnf,DI,4.64,12.0,751.6
Bond-1688,Ovy_naq_Gnf,DI,5.09,12.0,759.1
Bond-1689,Ovy_naq_Gnf,DI,4.96,12.0,756.1
Bond-1690,Ovy_naq_Gnf,DI,5.77,12.0,767.8
Bond-1691,Ovy_naq_Gnf,DI,6.07,12.0,796.3
Bond-1692,Ovy_naq_Gnf,DI,6.49,12.0,809.4
Bond-1693,Ovy_naq_Gnf,DI,8.41,12.0,819.0
Bond-1694,Ovy_naq_Gnf,DI,9.02,12.0,841.0
Bond-1695,Ovy_naq_Gnf,DI,9.64,12.0,815.7
Bond-1696,Ovy_naq_Gnf,DI,10.97,12.0,734.3
Bond-1697,Ovy_naq_Gnf,DI,10.27,12.0,809.8
Bond-1698,Ovy_naq_Gnf,DI,11.14,12.0,738.2
Bond-1699,Ovy_naq_Gnf,DI,10.39,12.0,828.9
Bond-1700,Ovy_naq_Gnf,DI,10.58,12.0,808.9
Bond-1701,Ovy_naq_Gnf,DI,7.16,12.0,793.7
Bond-1702,Ovy_naq_Gnf,DI,9.9,12.0,867.0
Bond-1703,Ovy_naq_Gnf,DI,10.57,12.0,838.4
Bond-1704,Ovy_naq_Gnf,DI,8.4,12.0,820.9
Bond-1705,Ovy_naq_Gnf,DI,10.57,12.0,833.5
Bond-1706,Ovy_naq_Gnf,DI,5.39,11.0,634.9
Bond-1707,Rrny_Efgngr,DI,3.53,9.0,278.8
Bond-1708,Rrny_Efgngr,DI,4.43,9.0,333.2
Bond-1709,Rrny_Efgngr,DI,7.21,9.0,413.9
Bond-1710,Rrny_Efgngr,DI,11.61,9.0,544.8
Bond-1711,Rrny_Efgngr,DI,12.95,9.0,540.1
Bond-1712,Rrny_Efgngr,DI,6.89,10.0,369.3
Bond-1713,Rrny_Efgngr,DI,1.94,10.0,435.8
Bond-1714,Sbirervta,DI,19.32,9.0,401.9
Bond-1715,Sbirervta,DI,4.37,9.0,209.2
Bond-1716,Sbirervta,DI,1.86,9.0,112.9
Bond-1717,Sbirervta,DI,1.42,9.0,50.0
Bond-1718,Sbirervta,DI,2.85,9.0,79.5
Bond-1719,Sbirervta,DI,4.0,9.0,138.9
Bond-1720,Sbirervta,DI,4.77,9.0,157.5
Bond-1721,Sbirervta,DI,5.73,9.0,185.2
Bond-1722,Sbirervta,DI,6.34,9.0,212.7
Bond-1723,Sbirervta,DI,7.06,9.0,232.2
Bond-1724,Sbirervta,DI,7.8,9.0,279.4
Bond-1725,Sbirervta,DI,8.62,9.0,293.2
Bond-1726,Sbirervta,DI,9.8,9.0,277.4
Bond-1727,Sbirervta,DI,12.1,9.0,324.3
Bond-1728,Sbirervta,DI,16.29,9.0,316.9
Bond-1729,Sbirervta,DI,14.46,9.0,314.3
Bond-1730,Sbirervta,DI,14.18,9.0,320.7
Bond-1731,Sbirervta,DI,15.12,9.0,315.5
Bond-1732,Sbirervta,DI,15.64,9.0,311.9
Bond-1733,Sbirervta,DI,15.77,9.0,319.6
Bond-1734,TMT,DI,1.74,8.0,54.5
Bond-1735,TMT,DI,8.15,8.0,124.4
Bond-1736,TMT,DI,7.16,8.0,129.3
Bond-1737,TMT,DI,10.36,8.0,175.2
Bond-1738,TMT,DI,11.59,8.0,202.2
Bond-1739,TMT,DI,12.84,8.0,211.9
Bond-1740,TMT,DI,14.79,8.0,189.1
Bond-1741,TMT,DI,17.23,8.0,196.8
Bond-1742,TMT,DI,2.75,13.0,460.1
Bond-1743,TMT,DI,3.6,15.0,1029.4
Bond-1744,TMT,DI,3.95,8.0,136.8
Bond-1745,TMT,DI,4.54,8.0,164.5
Bond-1746,TMT,DI,11.89,8.0,324.0
Bond-1747,TMT,DI,14.36,8.0,312.8
Bond-1748,TMT,DI,14.16,8.0,311.7
Bond-1749,TMT,DI,15.52,8.0,311.5
Bond-1750,TMT,DI,8.13,8.0,264.9
Bond-1751,TMT,DI,2.84,15.0,2301.5
Bond-1752,Tenafcbeg,DI,5.1,10.0,603.8
Bond-1753,Tenafcbeg,DI,6.22,10.0,586.7
Bond-1754,Tenafcbeg,DI,12.02,10.0,619.8
Bond-1755,Tenafcbeg,DI,12.34,10.0,618.7
Bond-1756,Ugvyvgvrf,DI,3.02,9.0,203.9
Bond-1757,Ugvyvgvrf,DI,5.5,9.0,295.0
Bond-1758,Ugvyvgvrf,DI,12.61,9.0,400.7
Bond-1759,Ugvyvgvrf,DI,13.5,9.0,380.2
Bond-1760,Ugvyvgvrf,DI,9.19,9.0,377.6
Bond-1761,Ugvyvgvrf,DI,9.66,9.0,385.2
Bond-1762,Ugvyvgvrf,DI,6.95,10.0,420.6
Bond-1763,Ugvyvgvrf,DI,6.65,10.0,424.1
Bond-1764,Ugvyvgvrf,DI,7.15,10.0,438.3
Bond-1765,Ugvyvgvrf,DI,5.71,9.0,238.5
Bond-1766,Ugvyvgvrf,DI,6.27,9.0,334.3
Bond-1767,Ugvyvgvrf,DI,14.6,9.0,414.0
Bond-1768,Cbafhzre,DL,5.44,9.0,387.9
Bond-1769,Cbafhzre,DL,1.66,9.0,178.5
Bond-1770,Cbafhzre,DL,6.76,9.0,491.6
Bond-1771,Fvanapvny,DL,1.42,7.0,76.5
Bond-1772,Fvanapvny,DL,1.03,7.0,95.7
Bond-1773,Fvanapvny,DL,1.04,9.0,164.0
Bond-1774,Fvanapvny,DL,3.18,7.0,119.6
Bond-1775,Fvanapvny,DL,1.89,7.0,152.6
Bond-1776,Mrgnyf_naq_Mvavat,DL,1.91,14.0,532.1
Bond-1777,Ovy_naq_Gnf,DL,1.53,7.0,78.5
Bond-1778,Ovy_naq_Gnf,DL,1.43,7.0,77.4
Bond-1779,Ovy_naq_Gnf,DL,4.16,7.0,88.5
Bond-1780,Ovy_naq_Gnf,DL,4.96,7.0,97.0
Bond-1781,Ovy_naq_Gnf,DL,7.91,7.0,143.0
Bond-1782,Ovy_naq_Gnf,DL,17.38,7.0,204.5
Bond-1783,Ovy_naq_Gnf,DL,20.34,7.0,207.6
Bond-1784,Ovy_naq_Gnf,DL,15.96,7.0,193.0
Bond-1785,Ovy_naq_Gnf,DL,1.4,14.0,1419.3
Bond-1786,Sbirervta,DL,4.23,7.0,68.8
Bond-1787,Sbirervta,DL,5.09,7.0,68.7
Bond-1788,Sbirervta,DL,17.02,7.0,135.7
Bond-1789,Sbirervta,DL,16.41,7.0,136.6
Bond-1790,TMT,DL,4.93,9.0,128.3
Bond-1791,TMT,DL,4.13,7.0,151.0
Bond-1792,Ugvyvgvrf,DL,4.27,8.0,151.6
Bond-1793,Ugvyvgvrf,DL,5.44,8.0,141.7
Bond-1794,Ugvyvgvrf,DL,6.72,8.0,168.7
Bond-1795,Ugvyvgvrf,DL,4.27,8.0,151.6
Bond-1796,Fvanapvny,SW,3.25,7.0,185.1
Bond-1797,Fvanapvny,SW,4.84,7.0,250.4
Bond-1798,Fvanapvny,SW,1.74,16.0,798.2
Bond-1799,Fvanapvny,SW,1.52,16.0,728.3
Bond-1800,Ovy_naq_Gnf,SW,1.37,16.0,833.0
Bond-1801,Sbirervta,SW,1.61,16.0,494.1
Bond-1802,Sbirervta,SW,2.49,16.0,526.8
Bond-1803,Sbirervta,SW,4.12,16.0,629.8
Bond-1804,Sbirervta,SW,5.47,16.0,687.6
Bond-1805,Sbirervta,SW,6.61,16.0,731.4
Bond-1806,Sbirervta,SW,6.64,16.0,778.6
Bond-1807,Sbirervta,SW,7.24,16.0,780.5
Bond-1808,Sbirervta,SW,8.99,16.0,796.2
Bond-1809,Sbirervta,SW,10.33,16.0,773.2
Bond-1810,Sbirervta,SW,9.76,16.0,842.8
Bond-1811,TMT,SW,2.64,16.0,601.6
Bond-1812,TMT,SW,3.35,16.0,686.5
Bond-1813,Ovy_naq_Gnf,SY,4.35,11.0,450.1
Bond-1814,TMT,SY,3.84,11.0,268.9
Bond-1815,Sbirervta,SD,1.03,12.0,400.3
Bond-1816,Sbirervta,SD,4.31,12.0,497.7
Bond-1817,Fvanapvny,CD,2.29,13.0,406.6
Bond-1818,Fvanapvny,CD,2.71,13.0,522.9
Bond-1819,Sbirervta,CD,1.37,13.0,421.9
Bond-1820,Sbirervta,CD,2.14,13.0,471.4
Bond-1821,Sbirervta,CD,3.3,13.0,418.1
Bond-1822,Sbirervta,CD,4.8,13.0,617.2
Bond-1823,Sbirervta,CD,5.27,13.0,656.2
Bond-1824,Sbirervta,CD,5.74,13.0,659.7
Bond-1825,Sbirervta,CD,6.58,13.0,668.7
Bond-1826,Sbirervta,CD,11.11,13.0,729.9
Bond-1827,Sbirervta,CD,3.81,13.0,549.2
Bond-1828,Sbirervta,CD,10.88,13.0,746.6
Bond-1829,Sbirervta,CD,1.22,13.0,328.0
Bond-1830,Sbirervta,CD,4.27,13.0,445.2
Bond-1831,TMT,CD,2.71,13.0,525.0
Bond-1832,TMT,CD,5.7,13.0,621.0
Bond-1833,Ugvyvgvrf,CD,5.73,13.0,508.0
Bond-1834,Ugvyvgvrf,CD,4.03,14.0,599.2
Bond-1835,Ugvyvgvrf,CD,5.41,13.0,632.3
Bond-1836,Fvanapvny,VB,5.78,9.0,195.0
Bond-1837,Fvanapvny,VB,8.65,9.0,189.6
Bond-1838,Fvanapvny,VB,1.88,11.0,262.4
Bond-1839,Fvanapvny,VB,4.58,9.0,168.1
Bond-1840,Fvanapvny,VB,1.01,10.0,187.9
Bond-1841,Fvanapvny,VB,6.09,10.0,386.5
Bond-1842,Fvanapvny,VB,1.97,11.0,323.9
Bond-1843,Sbirervta,VB,3.32,8.0,146.9
Bond-1844,Sbirervta,VB,1.72,8.0,162.3
Bond-1845,Sbirervta,VB,1.72,8.0,147.3
Bond-1846,Sbirervta,VB,3.48,9.0,109.5
Bond-1847,Sbirervta,VB,3.91,9.0,115.7
Bond-1848,Sbirervta,VB,4.54,9.0,149.3
Bond-1849,Sbirervta,VB,5.6,9.0,170.3
Bond-1850,Sbirervta,VB,6.35,9.0,137.4
Bond-1851,Sbirervta,VB,6.49,9.0,179.6
Bond-1852,Sbirervta,VB,7.88,9.0,146.7
Bond-1853,Sbirervta,VB,21.1,9.0,216.8
Bond-1854,Sbirervta,VB,4.94,9.0,193.9
Bond-1855,Sbirervta,VB,10.11,9.0,195.4
Bond-1856,Sbirervta,VB,16.13,9.0,205.1
Bond-1857,Sbirervta,VB,17.07,9.0,212.0
Bond-1858,Sbirervta,VB,18.58,9.0,212.0
Bond-1859,Sbirervta,VB,2.86,8.0,170.1
Bond-1860,TMT,VB,6.19,11.0,326.6
Bond-1861,TMT,VB,3.39,15.0,565.7
Bond-1862,Tenafcbeg,VB,8.36,10.0,356.4
Bond-1863,Tenafcbeg,VB,11.29,10.0,403.4
Bond-1864,Tenafcbeg,VB,10.54,6.0,191.3
Bond-1865,Tenafcbeg,VB,10.54,6.0,191.3
Bond-1866,Ugvyvgvrf,VB,13.31,9.0,301.3
Bond-1867,Cbafhzre,VH,1.47,15.0,717.7
Bond-1868,Fvanapvny,VH,1.82,8.0,115.9
Bond-1869,Fvanapvny,VH,3.6,10.0,240.5
Bond-1870,Fvanapvny,VH,3.94,8.0,147.2
Bond-1871,Fvanapvny,VH,2.38,8.0,119.0
Bond-1872,Fvanapvny,VH,3.11,11.0,315.8
Bond-1873,Fvanapvny,VH,1.97,9.0,122.4
Bond-1874,Fvanapvny,VH,2.08,9.0,152.6
Bond-1875,Fvanapvny,VH,4.29,9.0,162.8
Bond-1876,Fvanapvny,VH,1.31,9.0,81.8
Bond-1877,Fvanapvny,VH,3.4,10.0,305.4
Bond-1878,Fvanapvny,VH,7.41,10.0,331.7
Bond-1879,Fvanapvny,VH,5.79,10.0,325.8
Bond-1880,Fvanapvny,VH,2.23,8.0,134.9
Bond-1881,Iaqhfgevny,VH,1.86,12.0,369.9
Bond-1882,Mrgnyf_naq_Mvavat,VH,3.01,12.0,290.6
Bond-1883,Mrgnyf_naq_Mvavat,VH,5.24,11.0,413.6
Bond-1884,Mrgnyf_naq_Mvavat,VH,1.26,13.0,506.0
Bond-1885,Ovy_naq_Gnf,VH,4.54,11.0,607.3
Bond-1886,Ovy_naq_Gnf,VH,5.15,14.0,1027.2
Bond-1887,Ovy_naq_Gnf,VH,8.96,9.0,308.7
Bond-1888,Ovy_naq_Gnf,VH,14.5,9.0,358.4
Bond-1889,Ovy_naq_Gnf,VH,4.93,8.0,148.7
Bond-1890,Rrny_Efgngr,VH,4.56,12.0,486.7
Bond-1891,Sbirervta,VH,8.48,8.0,117.1
Bond-1892,Sbirervta,VH,4.15,8.0,94.4
Bond-1893,Sbirervta,VH,6.08,8.0,108.0
Bond-1894,Sbirervta,VH,8.99,8.0,185.6
Bond-1895,Sbirervta,VH,10.9,8.0,160.9
Bond-1896,Sbirervta,VH,17.51,8.0,168.6
Bond-1897,Tenafcbeg,VH,6.37,9.0,580.4
Bond-1898,Tenafcbeg,VH,7.32,9.0,208.5
Bond-1899,Ugvyvgvrf,VH,9.75,9.0,281.1
Bond-1900,Ugvyvgvrf,VH,2.37,10.0,168.6
Bond-1901,Ugvyvgvrf,VH,4.4,11.0,369.8
Bond-1902,Ugvyvgvrf,VH,1.92,13.0,449.0
Bond-1903,Ugvyvgvrf,VH,4.68,10.0,286.1
Bond-1904,Ugvyvgvrf,VH,5.76,10.0,287.1
Bond-1905,Ugvyvgvrf,VH,3.92,12.0,443.6
Bond-1906,Ugvyvgvrf,VH,2.43,10.0,159.9
Bond-1907,Ugvyvgvrf,VH,8.98,10.0,203.4
Bond-1908,Sbirervta,VW,5.54,16.0,771.4
Bond-1909,Fvanapvny,VE,2.34,9.0,118.5
Bond-1910,Fvanapvny,VE,1.04,10.0,90.5
Bond-1911,Fvanapvny,VE,3.74,9.0,143.5
Bond-1912,Fvanapvny,VE,2.76,9.0,120.8
Bond-1913,Fvanapvny,VE,5.34,9.0,167.1
Bond-1914,Fvanapvny,VE,2.4,9.0,152.5
Bond-1915,Fvanapvny,VE,3.71,9.0,174.5
Bond-1916,Fvanapvny,VE,3.63,9.0,83.8
Bond-1917,Fvanapvny,VE,3.7,9.0,218.2
Bond-1918,Fvanapvny,VE,2.34,9.0,182.2
Bond-1919,Fvanapvny,VE,2.8,9.0,154.6
Bond-1920,Fvanapvny,VE,2.06,9.0,115.9
Bond-1921,Sbirervta,VE,8.51,9.0,89.0
Bond-1922,Sbirervta,VE,17.46,9.0,158.6
Bond-1923,Sbirervta,VE,3.1,9.0,48.4
Bond-1924,Sbirervta,VE,3.78,9.0,58.5
Bond-1925,Sbirervta,VE,4.87,9.0,64.2
Bond-1926,Sbirervta,VE,6.6,9.0,99.1
Bond-1927,Sbirervta,VE,7.19,9.0,99.2
Bond-1928,Sbirervta,VE,6.97,9.0,126.8
Bond-1929,Sbirervta,VE,7.74,9.0,141.2
Bond-1930,Sbirervta,VE,8.59,9.0,147.5
Bond-1931,Sbirervta,VE,10.02,9.0,173.3
Bond-1932,Sbirervta,VE,11.76,9.0,179.4
Bond-1933,Sbirervta,VE,13.92,9.0,174.7
Bond-1934,Sbirervta,VE,14.74,9.0,171.7
Bond-1935,Sbirervta,VE,15.17,9.0,171.0
Bond-1936,Sbirervta,VE,3.43,9.0,47.6
Bond-1937,Sbirervta,VT,1.99,16.0,537.6
Bond-1938,Sbirervta,VT,2.95,16.0,601.9
Bond-1939,Sbirervta,VT,4.09,16.0,626.4
Bond-1940,Sbirervta,VT,5.47,16.0,646.2
Bond-1941,Sbirervta,VT,8.83,16.0,715.5
Bond-1942,Fvanapvny,VY,1.91,7.0,82.0
Bond-1943,Sbirervta,VY,2.38,7.0,23.1
Bond-1944,Sbirervta,VY,3.11,7.0,21.5
Bond-1945,Sbirervta,VY,5.03,7.0,45.0
Bond-1946,Sbirervta,VL,6.91,12.0,478.9
Bond-1947,Sbirervta,VL,2.19,12.0,164.9
Bond-1948,Sbirervta,VL,4.8,12.0,185.9
Bond-1949,Sbirervta,VL,5.66,12.0,197.8
Bond-1950,Sbirervta,VL,13.83,12.0,317.0
Bond-1951,Sbirervta,VL,15.28,12.0,316.2
Bond-1952,Sbirervta,VL,15.83,12.0,310.0
Bond-1953,TMT,VL,3.1,11.0,424.7
Bond-1954,Fvanapvny,FB,4.67,6.0,197.7
Bond-1955,Fvanapvny,FB,1.35,6.0,145.9
Bond-1956,Fvanapvny,FB,3.74,6.0,176.5
Bond-1957,Fvanapvny,FB,2.77,7.0,149.6
Bond-1958,Fvanapvny,FB,4.69,7.0,174.1
Bond-1959,Fvanapvny,FB,2.46,8.0,145.1
Bond-1960,Fvanapvny,FB,4.63,5.0,182.8
Bond-1961,Fvanapvny,FB,3.83,5.0,160.3
Bond-1962,Fvanapvny,FB,1.83,8.0,444.0
Bond-1963,Fvanapvny,FB,3.26,6.0,156.4
Bond-1964,Fvanapvny,FB,1.58,6.0,143.9
Bond-1965,Fvanapvny,FB,3.19,6.0,165.7
Bond-1966,Fvanapvny,FB,3.29,5.0,134.8
Bond-1967,Ovy_naq_Gnf,FB,6.49,6.0,85.2
Bond-1968,Ovy_naq_Gnf,FB,3.92,5.0,59.7
Bond-1969,Ovy_naq_Gnf,FB,3.69,5.0,59.5
Bond-1970,Rrny_Efgngr,FB,1.34,17.0,1357.3
Bond-1971,Sbirervta,FB,1.26,4.0,50.5
Bond-1972,Sbirervta,FB,2.42,4.0,64.6
Bond-1973,Sbirervta,FB,2.21,4.0,56.6
Bond-1974,Sbirervta,FB,3.27,4.0,79.3
Bond-1975,Sbirervta,FB,5.16,4.0,99.8
Bond-1976,Sbirervta,FB,6.44,4.0,118.6
Bond-1977,Sbirervta,FB,7.28,4.0,124.3
Bond-1978,Sbirervta,FB,4.18,4.0,87.4
Bond-1979,Sbirervta,FB,7.09,4.0,135.8
Bond-1980,Sbirervta,FB,8.03,4.0,126.4
Bond-1981,Sbirervta,FB,17.83,4.0,190.5
Bond-1982,Sbirervta,FB,12.71,4.0,178.4
Bond-1983,Sbirervta,FB,13.88,4.0,178.8
Bond-1984,Sbirervta,FB,16.26,4.0,186.2
Bond-1985,Sbirervta,FB,16.5,4.0,199.1
Bond-1986,Sbirervta,FB,17.28,4.0,197.3
Bond-1987,TMT,FB,2.3,7.0,101.5
Bond-1988,TMT,FB,4.45,7.0,110.7
Bond-1989,TMT,FB,5.15,7.0,117.0
Bond-1990,TMT,FB,6.43,7.0,120.3
Bond-1991,TMT,FB,15.06,7.0,175.8
Bond-1992,Sbirervta,JC,1.3,10.0,62.4
Bond-1993,Sbirervta,JC,2.72,10.0,100.4
Bond-1994,Sbirervta,JC,3.06,10.0,116.1
Bond-1995,Sbirervta,JC,12.96,10.0,318.2
Bond-1996,Sbirervta,JC,13.84,10.0,283.4
Bond-1997,Sbirervta,JC,15.83,10.0,278.5
Bond-1998,Fvanapvny,JZ,1.75,16.0,588.7
Bond-1999,Fvanapvny,JZ,1.22,15.0,722.7
Bond-2000,Fvanapvny,JZ,2.27,15.0,729.2
Bond-2001,Fvanapvny,JZ,1.04,13.0,244.7
Bond-2002,Fvanapvny,JZ,1.75,14.0,909.4
Bond-2003,Fvanapvny,JZ,3.85,13.0,414.7
Bond-2004,Fvanapvny,JZ,2.2,13.0,359.7
Bond-2005,Fvanapvny,JZ,3.24,13.0,379.0
Bond-2006,Fvanapvny,JZ,1.8,17.0,1217.1
Bond-2007,Fvanapvny,JZ,3.28,12.0,340.8
Bond-2008,Fvanapvny,JZ,3.89,12.0,386.7
Bond-2009,Fvanapvny,JZ,1.29,10.0,174.4
Bond-2010,Fvanapvny,JZ,1.93,11.0,234.7
Bond-2011,Fvanapvny,JZ,2.43,10.0,255.0
Bond-2012,Fvanapvny,JZ,1.66,10.0,191.7
Bond-2013,Fvanapvny,JZ,2.83,10.0,215.2
Bond-2014,Fvanapvny,JZ,4.35,10.0,235.4
Bond-2015,Fvanapvny,JZ,1.85,14.0,358.9
Bond-2016,Iaqhfgevny,JZ,3.71,10.0,207.7
Bond-2017,Iaqhfgevny,JZ,2.78,10.0,175.1
Bond-2018,Iaqhfgevny,JZ,5.47,14.0,412.8
Bond-2019,Mrgnyf_naq_Mvavat,JZ,2.98,10.0,227.2
Bond-2020,Mrgnyf_naq_Mvavat,JZ,5.99,10.0,257.2
Bond-2021,Mrgnyf_naq_Mvavat,JZ,1.89,10.0,187.3
Bond-2022,Mrgnyf_naq_Mvavat,JZ,3.71,9.0,207.6
Bond-2023,Mrgnyf_naq_Mvavat,JZ,3.15,13.0,242.3
Bond-2024,Mrgnyf_naq_Mvavat,JZ,1.27,11.0,190.8
Bond-2025,Mrgnyf_naq_Mvavat,JZ,2.32,12.0,218.8
Bond-2026,Mrgnyf_naq_Mvavat,JZ,3.22,12.0,223.9
Bond-2027,Mrgnyf_naq_Mvavat,JZ,3.15,14.0,559.2
Bond-2028,Mrgnyf_naq_Mvavat,JZ,4.61,9.0,226.5
Bond-2029,Mrgnyf_naq_Mvavat,JZ,1.87,10.0,198.7
Bond-2030,Mrgnyf_naq_Mvavat,JZ,1.45,10.0,182.3
Bond-2031,Mrgnyf_naq_Mvavat,JZ,2.36,10.0,207.5
Bond-2032,Mrgnyf_naq_Mvavat,JZ,3.53,10.0,231.6
Bond-2033,Mrgnyf_naq_Mvavat,JZ,1.45,15.0,462.1
Bond-2034,Mrgnyf_naq_Mvavat,JZ,4.26,15.0,541.9
Bond-2035,Mrgnyf_naq_Mvavat,JZ,3.38,9.0,204.9
Bond-2036,Mrgnyf_naq_Mvavat,JZ,3.25,11.0,206.7
Bond-2037,Mrgnyf_naq_Mvavat,JZ,2.52,10.0,184.2
Bond-2038,Mrgnyf_naq_Mvavat,JZ,3.67,10.0,202.0
Bond-2039,Mrgnyf_naq_Mvavat,JZ,4.94,9.0,227.1
Bond-2040,Mrgnyf_naq_Mvavat,JZ,1.44,12.0,189.3
Bond-2041,Mrgnyf_naq_Mvavat,JZ,2.2,12.0,188.7
Bond-2042,Mrgnyf_naq_Mvavat,JZ,3.06,12.0,222.0
Bond-2043,Mrgnyf_naq_Mvavat,JZ,1.05,10.0,133.0
Bond-2044,Mrgnyf_naq_Mvavat,JZ,2.4,10.0,209.5
Bond-2045,Mrgnyf_naq_Mvavat,JZ,1.67,15.0,548.8
Bond-2046,Mrgnyf_naq_Mvavat,JZ,1.27,14.0,373.3
Bond-2047,Mrgnyf_naq_Mvavat,JZ,2.35,14.0,388.2
Bond-2048,Mrgnyf_naq_Mvavat,JZ,2.17,14.0,384.8
Bond-2049,Ovy_naq_Gnf,JZ,4.94,13.0,559.1
Bond-2050,Ovy_naq_Gnf,JZ,1.37,10.0,167.6
Bond-2051,Ovy_naq_Gnf,JZ,1.71,10.0,176.8
Bond-2052,Ovy_naq_Gnf,JZ,4.69,10.0,243.7
Bond-2053,Ovy_naq_Gnf,JZ,5.58,10.0,254.1
Bond-2054,Ovy_naq_Gnf,JZ,6.18,10.0,263.6
Bond-2055,Ovy_naq_Gnf,JZ,6.02,10.0,252.9
Bond-2056,Ovy_naq_Gnf,JZ,8.02,10.0,261.4
Bond-2057,Ovy_naq_Gnf,JZ,8.9,10.0,303.6
Bond-2058,Ovy_naq_Gnf,JZ,10.84,10.0,303.9
Bond-2059,Ovy_naq_Gnf,JZ,1.58,9.0,141.5
Bond-2060,Ovy_naq_Gnf,JZ,2.38,9.0,172.2
Bond-2061,Ovy_naq_Gnf,JZ,5.24,9.0,229.1
Bond-2062,Ovy_naq_Gnf,JZ,7.91,9.0,253.1
Bond-2063,Ovy_naq_Gnf,JZ,2.07,9.0,174.1
Bond-2064,Ovy_naq_Gnf,JZ,1.38,10.0,182.7
Bond-2065,Ovy_naq_Gnf,JZ,1.88,10.0,170.1
Bond-2066,Ovy_naq_Gnf,JZ,2.85,10.0,194.0
Bond-2067,Sbirervta,JZ,1.43,10.0,93.6
Bond-2068,Sbirervta,JZ,2.77,10.0,115.0
Bond-2069,Sbirervta,JZ,4.96,9.0,157.3
Bond-2070,Sbirervta,JZ,5.85,9.0,175.5
Bond-2071,Sbirervta,JZ,5.61,10.0,192.8
Bond-2072,Sbirervta,JZ,7.18,9.0,184.2
Bond-2073,Sbirervta,JZ,10.7,9.0,228.1
Bond-2074,Sbirervta,JZ,13.48,10.0,243.0
Bond-2075,Sbirervta,JZ,14.18,10.0,245.3
Bond-2076,Sbirervta,JZ,15.84,9.0,237.1
Bond-2077,TMT,JZ,2.46,11.0,211.5
Bond-2078,TMT,JZ,1.35,11.0,126.0
Bond-2079,TMT,JZ,2.2,11.0,208.3
Bond-2080,TMT,JZ,2.09,11.0,235.7
Bond-2081,TMT,JZ,3.15,11.0,227.9
Bond-2082,Tenafcbeg,JZ,2.71,12.0,295.2
Bond-2083,Tenafcbeg,JZ,1.04,12.0,516.3
Bond-2084,Tenafcbeg,JZ,2.19,12.0,479.9
Bond-2085,Tenafcbeg,JZ,1.42,10.0,123.1
Bond-2086,Tenafcbeg,JZ,3.18,9.0,170.9
Bond-2087,Tenafcbeg,JZ,7.77,10.0,312.0
Bond-2088,Tenafcbeg,JZ,2.49,12.0,218.1
Bond-2089,Sbirervta,JG,2.3,14.0,492.9
Bond-2090,Cbafhzre,NB,3.19,10.0,182.6
Bond-2091,Fvanapvny,NB,2.0,3.0,79.0
Bond-2092,Fvanapvny,NB,2.8,3.0,92.7
Bond-2093,Fvanapvny,NB,4.07,10.0,273.8
Bond-2094,Fvanapvny,NB,5.74,6.0,185.2
Bond-2095,Fvanapvny,NB,3.78,6.0,159.0
Bond-2096,Ovy_naq_Gnf,NB,2.86,14.0,1002.5
Bond-2097,Ovy_naq_Gnf,NB,1.49,6.0,77.9
Bond-2098,Ovy_naq_Gnf,NB,3.33,6.0,114.5
Bond-2099,Ovy_naq_Gnf,NB,7.32,6.0,165.1
Bond-2100,Ovy_naq_Gnf,NB,13.01,6.0,220.6
Bond-2101,Ovy_naq_Gnf,NB,17.07,6.0,227.9
Bond-2102,Ovy_naq_Gnf,NB,8.88,6.0,168.6
Bond-2103,Ovy_naq_Gnf,NB,2.81,6.0,116.8
Bond-2104,Ovy_naq_Gnf,NB,6.73,6.0,168.4
Bond-2105,Ovy_naq_Gnf,NB,19.57,6.0,200.1
Bond-2106,Rrny_Efgngr,NB,2.22,14.0,736.5
Bond-2107,Rrny_Efgngr,NB,1.38,14.0,648.8
Bond-2108,Sbirervta,NB,1.05,6.0,47.7
Bond-2109,Sbirervta,NB,5.84,6.0,133.1
Bond-2110,Sbirervta,NB,1.5,6.0,53.0
Bond-2111,Sbirervta,NB,2.34,6.0,73.2
Bond-2112,Sbirervta,NB,9.7,6.0,158.3
Bond-2113,Sbirervta,NB,4.12,6.0,113.3
Bond-2114,Sbirervta,NB,5.46,6.0,128.1
Bond-2115,Sbirervta,NB,5.79,6.0,145.8
Bond-2116,Sbirervta,NB,6.54,6.0,153.3
Bond-2117,Sbirervta,NB,7.04,6.0,161.1
Bond-2118,Sbirervta,NB,7.14,6.0,157.8
Bond-2119,Sbirervta,NB,7.81,6.0,155.8
Bond-2120,Sbirervta,NB,19.74,6.0,229.7
Bond-2121,Sbirervta,NB,16.05,6.0,231.3
Bond-2122,Sbirervta,NB,16.25,6.0,233.7
Bond-2123,Sbirervta,NB,16.53,6.0,235.4
Bond-2124,Sbirervta,NB,16.78,6.0,235.6
Bond-2125,TMT,NB,7.3,6.0,171.0
Bond-2126,Ugvyvgvrf,NB,7.27,10.0,342.5
Bond-2127,Ugvyvgvrf,NB,4.77,7.0,140.9
Bond-2128,Ugvyvgvrf,NB,8.84,7.0,177.0
Bond-2129,Ugvyvgvrf,NB,1.43,7.0,100.9
Bond-2130,Ugvyvgvrf,NB,2.38,7.0,116.2
Bond-2131,Ugvyvgvrf,NB,3.24,7.0,137.5
Bond-2132,Ugvyvgvrf,NB,3.09,7.0,142.3
Bond-2133,Ugvyvgvrf,NB,6.77,7.0,184.2
Bond-2134,Ugvyvgvrf,NB,13.97,7.0,274.8
Bond-2135,Ugvyvgvrf,NB,14.02,7.0,286.0
Bond-2136,Fvanapvny,NW,3.81,1.0,60.7
Bond-2137,Fvanapvny,NW,6.64,1.0,81.0
Bond-2138,Fvanapvny,NW,1.09,1.0,55.8
Bond-2139,Fvanapvny,NW,1.49,4.0,60.5
Bond-2140,Fvanapvny,NW,1.13,1.0,18.3
Bond-2141,Fvanapvny,NW,2.96,6.0,134.3
Bond-2142,Fvanapvny,NW,3.42,7.0,135.7
Bond-2143,Fvanapvny,NW,2.25,1.0,22.8
Bond-2144,Fvanapvny,NW,6.71,1.0,57.6
Bond-2145,Fvanapvny,NW,15.94,1.0,123.9
Bond-2146,Fvanapvny,NW,13.19,1.0,134.8
Bond-2147,Fvanapvny,NW,1.9,1.0,19.8
Bond-2148,Fvanapvny,NW,1.4,6.0,144.4
Bond-2149,Fvanapvny,NW,3.27,7.0,152.3
Bond-2150,Fvanapvny,NW,2.81,8.0,277.9
Bond-2151,Ovy_naq_Gnf,NW,3.41,14.0,820.9
Bond-2152,Ovy_naq_Gnf,NW,4.43,14.0,829.7
Bond-2153,Rrny_Efgngr,NW,7.24,6.0,190.5
Bond-2154,Rrny_Efgngr,NW,4.2,10.0,293.0
Bond-2155,TMT,NW,4.01,10.0,139.8
Bond-2156,TMT,NW,6.95,10.0,232.7
Bond-2157,TMT,NW,2.25,10.0,78.4
Bond-2158,TMT,NW,7.82,6.0,103.4
Bond-2159,TMT,NW,5.55,6.0,72.8
Bond-2160,TMT,NW,4.4,6.0,69.8
Bond-2161,TMT,NW,6.71,6.0,101.5
Bond-2162,TMT,NW,8.31,6.0,125.3
Bond-2163,Tenafcbeg,NW,4.69,2.0,70.6
Bond-2164,Tenafcbeg,NW,7.91,2.0,100.4
Bond-2165,Ugvyvgvrf,NW,1.9,3.0,55.9
Bond-2166,Ugvyvgvrf,NW,4.73,3.0,65.1
Bond-2167,Ugvyvgvrf,NW,6.34,3.0,95.2
Bond-2168,Ugvyvgvrf,NW,7.19,3.0,97.4
Bond-2169,Sbirervta,NX,3.13,6.0,47.4
Bond-2170,Sbirervta,NS,3.35,14.0,509.1
Bond-2171,Sbirervta,NS,7.97,14.0,569.9
Bond-2172,Sbirervta,NS,11.86,14.0,625.7
Bond-2173,Fvanapvny,NSBK,2.75,9.0,208.5
Bond-2174,Fvanapvny,NSBK,3.41,9.0,238.2
Bond-2175,Fvanapvny,NSBK,5.75,9.0,324.7
Bond-2176,Fvanapvny,NSBK,1.38,11.0,423.3
Bond-2177,Fvanapvny,NSBK,3.26,11.0,401.1
Bond-2178,Sbirervta,NJ,3.69,19.0,2071.3
Bond-2179,Cbafhzre,NP,2.98,13.0,861.4
Bond-2180,Sbirervta,NP,2.03,16.0,895.6
Bond-2181,Sbirervta,NP,3.64,16.0,906.4
Bond-2182,Sbirervta,NP,4.9,16.0,868.7
Bond-2183,Sbirervta,NP,5.76,16.0,894.8
Bond-2184,Sbirervta,NP,6.8,16.0,895.2
Bond-2185,Sbirervta,NP,8.03,16.0,861.0
Bond-2186,Sbirervta,NP,9.23,16.0,853.6
Bond-2187,Sbirervta,NP,10.24,16.0,835.8
Bond-2188,Ugvyvgvrf,NP,2.21,16.0,1011.6
Bond-2189,Fvanapvny,KW,2.88,16.0,719.6
Bond-2190,Cbafhzre,KE,1.12,9.0,260.2
Bond-2191,Fvanapvny,KE,1.92,9.0,100.0
Bond-2192,Fvanapvny,KE,2.76,9.0,103.9
Bond-2193,Fvanapvny,KE,3.25,9.0,115.9
Bond-2194,Fvanapvny,KE,6.81,9.0,165.5
Bond-2195,Fvanapvny,KE,6.37,10.0,293.0
Bond-2196,Fvanapvny,KE,7.54,11.0,337.5
Bond-2197,Fvanapvny,KE,4.35,11.0,463.4
Bond-2198,Fvanapvny,KE,1.47,9.0,108.0
Bond-2199,Fvanapvny,KE,2.65,9.0,109.0
Bond-2200,Fvanapvny,KE,2.51,9.0,106.0
Bond-2201,Fvanapvny,KE,7.08,9.0,159.5
Bond-2202,Fvanapvny,KE,1.76,9.0,105.3
Bond-2203,Fvanapvny,KE,3.15,9.0,119.5
Bond-2204,Ovy_naq_Gnf,KE,13.31,8.0,247.8
Bond-2205,Ovy_naq_Gnf,KE,1.89,9.0,146.4
Bond-2206,Ovy_naq_Gnf,KE,1.89,9.0,146.8
Bond-2207,Ovy_naq_Gnf,KE,6.8,9.0,185.5
Bond-2208,Ovy_naq_Gnf,KE,14.01,9.0,298.1
Bond-2209,Ovy_naq_Gnf,KE,15.45,9.0,310.5
Bond-2210,Ugvyvgvrf,KE,6.45,8.0,168.5
Bond-2211,Sbirervta,KR,4.36,16.0,1145.3
Bond-2212,Fvanapvny,KS,3.67,15.0,827.2
Bond-2213,Cbafhzre,KJ,2.27,12.0,463.3
Bond-2214,Cbafhzre,KJ,1.97,13.0,291.8
Bond-2215,Cbafhzre,KJ,3.41,13.0,340.9
Bond-2216,Dvirefvsvrq,KJ,2.27,14.0,505.8
Bond-2217,Dvirefvsvrq,KJ,3.62,14.0,574.0
Bond-2218,Fvanapvny,KJ,1.88,15.0,575.5
Bond-2219,Fvanapvny,KJ,3.91,15.0,670.9
Bond-2220,Fvanapvny,KJ,1.32,17.0,1278.1
Bond-2221,Fvanapvny,KJ,2.18,17.0,1222.7
Bond-2222,Fvanapvny,KJ,1.84,15.0,654.1
Bond-2223,Fvanapvny,KJ,2.69,15.0,710.2
Bond-2224,Fvanapvny,KJ,3.07,15.0,702.1
Bond-2225,Fvanapvny,KJ,2.82,15.0,729.7
Bond-2226,Fvanapvny,KJ,2.09,14.0,738.2
Bond-2227,Fvanapvny,KJ,2.16,16.0,1314.9
Bond-2228,Fvanapvny,KJ,1.82,15.0,556.1
Bond-2229,Fvanapvny,KJ,2.25,15.0,598.5
Bond-2230,Fvanapvny,KJ,1.46,17.0,1274.0
Bond-2231,Fvanapvny,KJ,1.43,15.0,607.0
Bond-2232,Fvanapvny,KJ,1.85,17.0,742.9
Bond-2233,Fvanapvny,KJ,2.72,18.0,733.3
Bond-2234,Fvanapvny,KJ,3.04,15.0,747.0
Bond-2235,Fvanapvny,KJ,2.35,18.0,1078.2
Bond-2236,Fvanapvny,KJ,3.48,18.0,973.6
Bond-2237,Fvanapvny,KJ,1.02,14.0,506.6
Bond-2238,Fvanapvny,KJ,1.52,15.0,508.1
Bond-2239,Fvanapvny,KJ,3.39,15.0,608.6
Bond-2240,Fvanapvny,KJ,1.46,15.0,657.1
Bond-2241,Fvanapvny,KJ,2.7,15.0,725.3
Bond-2242,Fvanapvny,KJ,2.08,15.0,730.2
Bond-2243,Fvanapvny,KJ,1.35,18.0,1230.4
Bond-2244,Fvanapvny,KJ,3.65,15.0,762.5
Bond-2245,Fvanapvny,KJ,1.53,15.0,670.0
Bond-2246,Fvanapvny,KJ,1.86,18.0,746.3
Bond-2247,Fvanapvny,KJ,2.11,15.0,734.5
Bond-2248,Fvanapvny,KJ,2.99,15.0,764.1
Bond-2249,Fvanapvny,KJ,3.73,15.0,765.7
Bond-2250,Fvanapvny,KJ,1.31,15.0,607.7
Bond-2251,Fvanapvny,KJ,1.97,17.0,711.5
Bond-2252,Fvanapvny,KJ,2.23,15.0,694.3
Bond-2253,Fvanapvny,KJ,3.21,15.0,725.6
Bond-2254,Fvanapvny,KJ,3.27,15.0,748.8
Bond-2255,Fvanapvny,KJ,2.55,19.0,1139.3
Bond-2256,Fvanapvny,KJ,3.27,15.0,748.8
Bond-2257,Iaqhfgevny,KJ,4.3,14.0,618.0
Bond-2258,Ovy_naq_Gnf,KJ,2.11,15.0,593.3
Bond-2259,Ovy_naq_Gnf,KJ,3.53,14.0,638.3
Bond-2260,Rrny_Efgngr,KJ,2.15,15.0,1268.2
Bond-2261,Sbirervta,KJ,1.41,14.0,504.1
Bond-2262,Sbirervta,KJ,1.84,14.0,545.7
Bond-2263,Sbirervta,KJ,2.33,14.0,518.9
Bond-2264,Sbirervta,KJ,2.8,14.0,587.7
Bond-2265,Sbirervta,KJ,2.26,14.0,567.8
Bond-2266,Sbirervta,KJ,3.09,14.0,601.6
Bond-2267,Sbirervta,KJ,3.65,14.0,563.5
Bond-2268,Sbirervta,KJ,3.65,14.0,614.9
Bond-2269,Sbirervta,KJ,4.7,14.0,594.9
Bond-2270,Sbirervta,KJ,4.96,14.0,617.5
Bond-2271,Sbirervta,KJ,5.25,14.0,635.0
Bond-2272,Sbirervta,KJ,5.93,14.0,616.6
Bond-2273,Sbirervta,KJ,6.05,14.0,638.1
Bond-2274,Sbirervta,KJ,6.07,14.0,656.8
Bond-2275,Sbirervta,KJ,5.99,14.0,663.9
Bond-2276,Sbirervta,KJ,8.18,14.0,669.2
Bond-2277,Sbirervta,KJ,9.18,14.0,674.4
Bond-2278,Sbirervta,KJ,9.63,14.0,671.1
Bond-2279,Sbirervta,KJ,10.09,14.0,677.8
Bond-2280,Sbirervta,KJ,10.58,14.0,676.6
Bond-2281,Sbirervta,KJ,11.68,14.0,624.1
Bond-2282,Sbirervta,KJ,11.09,14.0,686.6
Bond-2283,Sbirervta,KJ,11.64,14.0,664.9
Bond-2284,Sbirervta,KJ,3.34,14.0,610.0
Bond-2285,Sbirervta,KJ,1.31,14.0,551.7
Bond-2286,TMT,KJ,4.21,14.0,541.7
Bond-2287,TMT,KJ,5.83,13.0,572.6
Bond-2288,TMT,KJ,3.3,13.0,542.2
Bond-2289,TMT,KJ,3.74,13.0,591.8
Bond-2290,Tenafcbeg,KJ,2.79,13.0,446.0
Bond-2291,Ovy_naq_Gnf,KK,9.73,11.0,530.5
Bond-2292,Ovy_naq_Gnf,KK,2.37,13.0,673.3
Bond-2293,Sbirervta,KK,3.02,11.0,354.3
Bond-2294,Sbirervta,KK,5.06,11.0,380.8
Bond-2295,Ugvyvgvrf,KK,4.85,11.0,503.7
Bond-2296,Iaqhfgevny,KG,4.18,7.0,137.2
Bond-2297,TMT,KG,3.24,7.0,135.6
Bond-2298,TMT,KG,7.19,7.0,168.5
Bond-2299,TMT,KG,5.48,7.0,138.5
Bond-2300,Mrgnyf_naq_Mvavat,KU,8.13,11.0,283.9
Bond-2301,Cbafhzre,ZB,1.23,14.0,519.0
Bond-2302,Cbafhzre,ZB,3.04,15.0,597.8
Bond-2303,Cbafhzre,ZB,4.37,15.0,641.7
Bond-2304,Cbafhzre,ZB,6.7,15.0,628.8
Bond-2305,Fvanapvny,ZB,1.24,16.0,702.3
Bond-2306,Mrgnyf_naq_Mvavat,ZB,2.08,14.0,627.0
Bond-2307,Mrgnyf_naq_Mvavat,ZB,4.06,14.0,789.5
Bond-2308,Mrgnyf_naq_Mvavat,ZB,3.83,14.0,775.0
Bond-2309,Mrgnyf_naq_Mvavat,ZB,5.31,15.0,765.9
Bond-2310,Mrgnyf_naq_Mvavat,ZB,6.15,14.0,784.7
Bond-2311,Ovy_naq_Gnf,ZB,1.64,15.0,656.1
Bond-2312,Ovy_naq_Gnf,ZB,4.63,15.0,791.9
Bond-2313,Sbirervta,ZB,1.75,16.0,599.2
Bond-2314,Sbirervta,ZB,2.56,16.0,677.3
Bond-2315,Sbirervta,ZB,3.31,16.0,730.1
Bond-2316,Sbirervta,ZB,2.82,15.0,714.7
Bond-2317,Sbirervta,ZB,4.0,16.0,732.0
Bond-2318,Sbirervta,ZB,4.64,16.0,744.4
Bond-2319,Sbirervta,ZB,5.23,16.0,746.9
Bond-2320,Sbirervta,ZB,5.43,15.0,781.6
Bond-2321,Sbirervta,ZB,7.39,15.0,753.7
Bond-2322,TMT,ZB,3.74,15.0,594.8
Bond-2323,Tenafcbeg,ZB,3.14,15.0,763.7
Bond-2324,Iaqhfgevny,ZN,4.02,8.0,147.5
Bond-2325,Iaqhfgevny,ZN,5.62,8.0,189.6
Bond-2326,Sbirervta,ZN,2.78,2.0,9.8
Bond-2327,Sbirervta,ZN,10.1,2.0,45.4
Bond-2328,Sbirervta,ZN,2.92,2.0,22.0
Bond-2329,TMT,ZN,3.46,13.0,411.9
Bond-2330,Tenafcbeg,ZN,15.65,9.0,297.5
Bond-2331,Sbirervta,ZL,2.71,10.0,51.4
Bond-2332,Sbirervta,ZL,5.33,10.0,111.7
Bond-2333,Sbirervta,ZL,7.71,10.0,141.1
Bond-2334,Sbirervta,ZL,8.77,10.0,190.1
Bond-2335,Sbirervta,ZL,10.01,10.0,200.8
Bond-2336,Sbirervta,ZL,15.83,10.0,201.3
Bond-2337,Sbirervta,ZL,16.76,10.0,222.3
Bond-2338,Sbirervta,ZL,18.24,10.0,228.5
Bond-2339,Fvanapvny,ZU,3.63,13.0,408.4
Bond-2340,Sbirervta,ZU,3.11,13.0,277.1
Bond-2341,Sbirervta,ZU,6.79,13.0,314.6
Bond-2342,Fvanapvny,PS,1.66,14.0,531.3
Bond-2343,Sbirervta,PS,3.73,13.0,140.6
Bond-2344,Ugvyvgvrf,PS,4.82,13.0,432.9
Bond-2345,Fvanapvny,UB,2.29,14.0,477.0
Bond-2346,Fvanapvny,UB,2.29,13.0,453.6
Bond-2347,Fvanapvny,UB,1.28,10.0,266.9
Bond-2348,Fvanapvny,UB,3.21,14.0,477.9
Bond-2349,Mrgnyf_naq_Mvavat,UB,1.74,11.0,190.1
Bond-2350,Mrgnyf_naq_Mvavat,UB,11.5,11.0,398.0
Bond-2351,Mrgnyf_naq_Mvavat,UB,3.2,11.0,213.6
Bond-2352,Mrgnyf_naq_Mvavat,UB,6.57,11.0,314.1
Bond-2353,Mrgnyf_naq_Mvavat,UB,0.71,14.0,358.9
Bond-2354,Mrgnyf_naq_Mvavat,UB,0.7,14.0,400.0
Bond-2355,Ovy_naq_Gnf,UB,1.95,12.0,566.0
Bond-2356,Ovy_naq_Gnf,UB,3.08,12.0,683.5
Bond-2357,Ovy_naq_Gnf,UB,6.06,12.0,694.6
Bond-2358,Rrny_Efgngr,UB,2.39,11.0,394.5
Bond-2359,Sbirervta,UB,1.56,12.0,210.7
Bond-2360,Sbirervta,UB,3.01,12.0,357.8
Bond-2361,Sbirervta,UB,4.29,12.0,393.4
Bond-2362,Sbirervta,UB,4.7,12.0,423.5
Bond-2363,Sbirervta,UB,5.85,12.0,458.4
Bond-2364,Sbirervta,UB,6.5,12.0,480.3
Bond-2365,Sbirervta,UB,7.25,12.0,494.2
Bond-2366,Sbirervta,UB,11.21,12.0,569.5
Bond-2367,Sbirervta,UB,12.26,12.0,570.5
Bond-2368,Sbirervta,UB,12.71,12.0,563.0
Bond-2369,Sbirervta,UB,12.65,12.0,593.0
Bond-2370,Sbirervta,UB,12.15,12.0,608.3
Bond-2371,TMT,UB,1.3,12.0,330.2
Bond-2372,TMT,UB,3.65,12.0,374.2
Bond-2373,TMT,UB,4.9,12.0,393.0
Bond-2374,TMT,UB,4.05,10.0,175.0
Bond-2375,TMT,UB,5.6,10.0,205.2
Bond-2376,Tenafcbeg,UB,1.72,12.0,408.9
Bond-2377,Ugvyvgvrf,UB,2.48,17.0,964.4
Bond-2378,Ugvyvgvrf,UB,3.58,17.0,925.8
Bond-2379,Ugvyvgvrf,UB,5.46,17.0,939.6
Bond-2380,Ugvyvgvrf,UB,6.07,12.0,569.6
Bond-2381,Mrgnyf_naq_Mvavat,UD,2.98,17.0,732.7
Bond-2382,Mrgnyf_naq_Mvavat,UD,4.4,17.0,721.5
Bond-2383,Mrgnyf_naq_Mvavat,UD,5.46,17.0,701.7
Bond-2384,Mrgnyf_naq_Mvavat,UD,3.75,17.0,746.4
Bond-2385,Mrgnyf_naq_Mvavat,UD,1.4,17.0,668.6
